{
    "0-0_00.jpg": [[0, 9, 1], [0, 26, 12], [0, 15, 4]],
    "0-0_01.jpg": [[1, 7, 0], [0, 39, 8], [0, 19, 1], [0, 45, 0], [0, 35, 16], [0, 19, 3]],
    "0-0_02.jpg": [[0, 40, 0], [0, 45, 0], [0, 8, 0], [0, 13, 5], [0, 13, 1], [0, 45, 0]],
    "0-0_03.jpg": [[3, 1, 0], [0, 45, 0], [6, 11, 0], [0, 45, 0], [0, 22, 4]],
    "0-0_04.jpg": [[6, 28, 0], [0, 8, 0], [0, 45, 0], [0, 38, 0], [0, 50, 0], [0, 34, 8], [2, 25, 13]],
    "0-0_05.jpg": [[0, 40, 0], [0, 53, 0], [0, 11, 0]],
    "0-0_06.jpg": [[0, 50, 0], [0, 30, 1], [0, 45, 0], [0, 15, 16], [0, 16, 1], [0, 53, 0], [0, 10, 0]],
    "0-0_07.jpg": [[0, 28, 12], [0, 28, 12], [2, 17, 8], [2, 17, 0], [0, 45, 0]],
    "0-0_08.jpg": [[5, 10, 0], [0, 21, 3]],
    "0-0_09.jpg": [[0, 4, 1], [0, 47, 0], [0, 39, 0], [0, 20, 1]],
    "0-0_10.jpg": [[0, 32, 1], [7, 23, 1], [0, 6, 3]],
    "0-0_11.jpg": [[0, 5, 3], [0, 6, 3]],
    "0-0_12.jpg": [[3, 1, 0], [0, 45, 0], [0, 35, 4], [0, 51, 0], [0, 21, 3]],
    "0-0_13.jpg": [[0, 29, 3], [9, 36, 0], [2, 25, 0], [0, 45, 0], [0, 34, 13]],
    "0-0_14.jpg": [[2, 44, 0], [0, 45, 0], [0, 24, 0], [0, 37, 1], [0, 48, 0]],
    "0-0_15.jpg": [[0, 14, 4], [0, 19, 1], [0, 45, 0], [0, 37, 1]],
    "0-0_16.jpg": [[3, 1, 0], [0, 33, 1]],
    "0-0_17.jpg": [[0, 41, 0], [2, 27, 0]],
    "0-0_18.jpg": [[0, 41, 0], [0, 23, 1]],
    "0-0_19.jpg": [[1, 7, 0], [8, 18, 4]],
    "0-0_20.jpg": [[9, 2, 0], [0, 21, 1], [4, 12, 0]],
    "0-0_21.jpg": [[0, 20, 3], [0, 45, 0], [0, 26, 0]],
    "0-0_22.jpg": [[0, 43, 0], [11, 36, 0], [0, 21, 1], [0, 45, 0]],
    "0-0_23.jpg": [[0, 24, 0], [0, 46, 0], [0, 22, 4]],
    "0-0_24.jpg": [[0, 35, 4], [0, 51, 0]],
    "0-0_25.jpg": [[0, 35, 2], [9, 42, 0], [0, 12, 0]],
    "0-0_26.jpg": [[0, 31, 0], [0, 54, 0]],
    "0-0_27.jpg": [[0, 40, 0], [0, 46, 0], [0, 22, 4]],
    "0-1_00.jpg": [[0, 9, 1], [0, 26, 12], [0, 15, 4]],
    "0-1_01.jpg": [[1, 7, 0], [0, 39, 8], [0, 19, 1], [0, 45, 0], [0, 35, 16], [0, 19, 3]],
    "0-1_02.jpg": [[0, 40, 0], [0, 45, 0], [0, 8, 0], [0, 13, 5], [0, 14, 4], [0, 45, 0]],
    "0-1_03.jpg": [[3, 1, 0], [0, 45, 0], [6, 11, 0], [0, 45, 0], [0, 22, 4]],
    "0-1_04.jpg": [[6, 28, 0], [0, 8, 0], [0, 45, 0], [0, 38, 0], [0, 50, 0], [0, 34, 8], [2, 25, 13]],
    "0-1_05.jpg": [[0, 40, 0], [0, 53, 0], [0, 11, 0]],
    "0-1_06.jpg": [[0, 50, 0], [0, 30, 1], [0, 45, 0], [0, 15, 16], [0, 16, 1], [0, 53, 0], [0, 10, 0]],
    "0-1_07.jpg": [[0, 28, 12], [0, 28, 12], [2, 17, 8], [2, 17, 0], [0, 45, 0]],
    "0-1_08.jpg": [[5, 10, 0], [0, 21, 3]],
    "0-1_09.jpg": [[0, 4, 1], [0, 47, 0], [0, 39, 0], [0, 20, 1]],
    "0-1_10.jpg": [[0, 32, 1], [7, 23, 1], [0, 6, 3]],
    "0-1_11.jpg": [[0, 5, 3], [0, 6, 3]],
    "0-1_12.jpg": [[3, 1, 0], [0, 45, 0], [0, 35, 4], [0, 51, 0], [0, 21, 3]],
    "0-1_13.jpg": [[0, 29, 3], [9, 36, 0], [2, 25, 0], [0, 45, 0], [0, 34, 13]],
    "0-1_14.jpg": [[2, 44, 0], [0, 45, 0], [0, 24, 0], [0, 37, 1], [0, 48, 0]],
    "0-1_15.jpg": [[0, 14, 4], [0, 19, 1], [0, 45, 0], [0, 37, 1]],
    "0-1_16.jpg": [[3, 1, 0], [0, 33, 1]],
    "0-1_17.jpg": [[0, 41, 0], [2, 27, 0]],
    "0-1_18.jpg": [[0, 41, 0], [0, 23, 1]],
    "0-1_19.jpg": [[1, 7, 0], [8, 18, 4]],
    "0-1_20.jpg": [[9, 2, 0], [0, 21, 1], [4, 12, 0]],
    "0-1_21.jpg": [[0, 20, 3], [0, 45, 0], [0, 26, 0]],
    "0-1_22.jpg": [[0, 43, 0], [11, 36, 0], [0, 21, 1], [0, 45, 0]],
    "0-1_23.jpg": [[0, 24, 0], [0, 46, 0], [0, 22, 4]],
    "0-1_24.jpg": [[0, 35, 4], [0, 51, 0]],
    "0-1_25.jpg": [[0, 35, 2], [9, 36, 0], [0, 12, 0]],
    "0-1_26.jpg": [[0, 31, 0], [0, 54, 0]],
    "0-1_27.jpg": [[0, 40, 0], [0, 46, 0], [0, 22, 4]],
    "0-2_00.jpg": [[0, 9, 1], [0, 26, 12], [0, 15, 4]],
    "0-2_01.jpg": [[1, 7, 0], [0, 39, 8], [0, 19, 1], [0, 45, 0], [0, 35, 16], [0, 19, 3]],
    "0-2_02.jpg": [[0, 40, 0], [0, 45, 0], [0, 8, 0], [0, 13, 5], [0, 14, 4], [0, 45, 0]],
    "0-2_03.jpg": [[3, 1, 0], [0, 45, 0], [6, 11, 0], [0, 45, 0], [0, 22, 4]],
    "0-2_04.jpg": [[6, 28, 0], [0, 8, 0], [0, 45, 0], [0, 38, 0], [0, 50, 0], [0, 34, 8], [2, 25, 13]],
    "0-2_05.jpg": [[0, 40, 0], [0, 53, 0], [0, 11, 0]],
    "0-2_06.jpg": [[0, 50, 0], [0, 30, 1], [0, 45, 0], [0, 15, 16], [0, 16, 1], [0, 53, 0], [0, 10, 0]],
    "0-2_07.jpg": [[0, 28, 12], [0, 28, 12], [2, 17, 8], [2, 17, 0], [0, 45, 0]],
    "0-2_08.jpg": [[5, 10, 0], [0, 21, 3]],
    "0-2_09.jpg": [[0, 4, 1], [0, 47, 0], [0, 39, 0], [0, 20, 1]],
    "0-2_10.jpg": [[0, 32, 1], [7, 23, 1], [0, 6, 3]],
    "0-2_11.jpg": [[0, 5, 3], [0, 6, 3]],
    "0-2_12.jpg": [[3, 1, 0], [0, 45, 0], [0, 35, 4], [0, 51, 0], [0, 21, 3]],
    "0-2_13.jpg": [[0, 29, 3], [9, 36, 0], [2, 25, 0], [0, 45, 0], [0, 34, 13]],
    "0-2_14.jpg": [[2, 44, 0], [0, 45, 0], [0, 24, 0], [0, 37, 1], [0, 48, 0]],
    "0-2_15.jpg": [[0, 14, 4], [0, 19, 1], [0, 45, 0], [0, 37, 1]],
    "0-2_16.jpg": [[3, 1, 0], [0, 33, 1]],
    "0-2_17.jpg": [[0, 41, 0], [2, 27, 0]],
    "0-2_18.jpg": [[1, 7, 0], [8, 18, 4]],
    "0-2_19.jpg": [[9, 2, 0], [0, 21, 1], [4, 12, 0]],
    "0-2_20.jpg": [[0, 20, 3], [0, 45, 0], [0, 26, 0]],
    "0-2_21.jpg": [[0, 43, 0], [11, 36, 0], [0, 21, 1], [0, 45, 0]],
    "0-2_22.jpg": [[0, 24, 0], [0, 46, 0], [0, 22, 4]],
    "0-2_23.jpg": [[0, 35, 4], [0, 51, 0]],
    "0-2_24.jpg": [[0, 35, 2], [9, 42, 0], [0, 12, 0]],
    "0-2_25.jpg": [[0, 31, 0], [0, 45, 0], [0, 54, 0]],
    "0-2_26.jpg": [[0, 40, 0], [0, 46, 0], [0, 22, 4]],
    "0-3_00.jpg": [[0, 9, 1], [0, 26, 12], [0, 15, 4]],
    "0-3_01.jpg": [[1, 7, 0], [0, 39, 8], [0, 19, 1], [0, 45, 0], [0, 35, 16], [0, 19, 3]],
    "0-3_02.jpg": [[0, 40, 0], [0, 45, 0], [0, 8, 0], [0, 13, 5], [0, 14, 4], [0, 45, 0]],
    "0-3_03.jpg": [[3, 1, 0], [0, 45, 0], [6, 11, 0], [0, 45, 0], [0, 22, 4]],
    "0-3_04.jpg": [[6, 28, 0], [0, 8, 0], [0, 45, 0], [0, 38, 0], [0, 50, 0], [0, 34, 8], [2, 25, 13]],
    "0-3_05.jpg": [[0, 40, 0], [0, 53, 0], [0, 11, 0]],
    "0-3_06.jpg": [[0, 50, 0], [0, 30, 1], [0, 45, 0], [0, 15, 16], [0, 16, 1], [0, 53, 0], [0, 10, 0]],
    "0-3_07.jpg": [[0, 28, 12], [0, 28, 12], [2, 17, 8], [2, 17, 0], [0, 45, 0]],
    "0-3_08.jpg": [[5, 10, 0], [0, 21, 3]],
    "0-3_09.jpg": [[0, 4, 1], [0, 47, 0], [0, 39, 0], [0, 20, 1]],
    "0-3_10.jpg": [[0, 32, 1], [7, 23, 1], [0, 6, 3]],
    "0-3_11.jpg": [[0, 5, 3], [0, 6, 3]],
    "0-3_12.jpg": [[3, 1, 0], [0, 45, 0], [0, 35, 4], [0, 51, 0], [0, 21, 3]],
    "0-3_13.jpg": [[0, 29, 3], [9, 36, 0], [2, 25, 0], [0, 45, 0], [0, 34, 13]],
    "0-3_14.jpg": [[2, 44, 0], [0, 45, 0], [0, 24, 0], [0, 37, 1], [0, 48, 0]],
    "0-3_15.jpg": [[0, 14, 4], [0, 19, 1], [0, 45, 0], [0, 37, 1]],
    "0-3_16.jpg": [[3, 1, 0], [0, 33, 1]],
    "0-3_17.jpg": [[0, 41, 0], [2, 27, 0]],
    "0-3_18.jpg": [[0, 41, 0], [0, 23, 1]],
    "0-3_19.jpg": [[1, 7, 0], [8, 18, 4]],
    "0-3_20.jpg": [[9, 2, 0], [0, 21, 1], [4, 12, 0]],
    "0-3_21.jpg": [[0, 20, 3], [0, 45, 0], [0, 26, 0]],
    "0-3_22.jpg": [[0, 43, 0], [11, 36, 0], [0, 21, 1], [0, 45, 0]],
    "0-3_23.jpg": [[0, 24, 0], [0, 46, 0], [0, 22, 4]],
    "0-3_24.jpg": [[0, 35, 4], [0, 51, 0]],
    "0-3_25.jpg": [[0, 35, 2], [9, 42, 0], [0, 12, 0]],
    "0-3_26.jpg": [[0, 31, 0], [0, 54, 0]],
    "0-3_27.jpg": [[0, 40, 0], [0, 46, 0], [0, 22, 4]],
    "0-4_00.jpg": [[0, 9, 1], [0, 26, 12], [0, 15, 4]],
    "0-4_01.jpg": [[1, 7, 0], [0, 39, 8], [0, 19, 1], [0, 45, 0], [0, 35, 16], [0, 19, 3]],
    "0-4_02.jpg": [[0, 40, 0], [0, 45, 0], [0, 8, 0], [0, 13, 5], [0, 14, 4], [0, 45, 0]],
    "0-4_03.jpg": [[3, 1, 0], [0, 45, 0], [6, 11, 0], [0, 45, 0], [0, 22, 4]],
    "0-4_04.jpg": [[6, 28, 0], [0, 8, 0], [0, 45, 0], [0, 38, 0], [0, 50, 0], [0, 34, 8], [2, 25, 13]],
    "0-4_05.jpg": [[0, 40, 0], [0, 53, 0], [0, 11, 0]],
    "0-4_06.jpg": [[0, 50, 0], [0, 30, 1], [0, 45, 0], [0, 15, 16], [0, 16, 1], [0, 53, 0], [0, 10, 0]],
    "0-4_07.jpg": [[0, 28, 12], [0, 28, 12], [2, 17, 8], [2, 17, 0], [0, 45, 0]],
    "0-4_08.jpg": [[5, 10, 0], [0, 21, 3]],
    "0-4_09.jpg": [[0, 4, 1], [0, 47, 0], [0, 39, 0], [0, 20, 1]],
    "0-4_10.jpg": [[0, 32, 1], [7, 23, 1], [0, 6, 3]],
    "0-4_11.jpg": [[0, 5, 3], [0, 6, 3]],
    "0-4_12.jpg": [[3, 1, 0], [0, 45, 0], [0, 35, 4], [0, 51, 0], [0, 21, 3]],
    "0-4_13.jpg": [[0, 29, 3], [9, 36, 0], [2, 25, 0], [0, 45, 0], [0, 34, 13]],
    "0-4_14.jpg": [[2, 44, 0], [0, 24, 0], [0, 37, 1], [0, 48, 0]],
    "0-4_15.jpg": [[0, 14, 4], [0, 19, 1], [0, 45, 0], [0, 37, 1]],
    "0-4_16.jpg": [[3, 1, 0], [0, 33, 1]],
    "0-4_17.jpg": [[0, 41, 0], [2, 27, 0]],
    "0-4_18.jpg": [[0, 41, 0], [0, 23, 1]],
    "0-4_19.jpg": [[1, 7, 0], [8, 18, 4]],
    "0-4_20.jpg": [[9, 2, 0], [0, 21, 1], [4, 12, 0]],
    "0-4_21.jpg": [[0, 20, 3], [0, 45, 0], [0, 26, 0]],
    "0-4_22.jpg": [[0, 43, 0], [11, 36, 0], [0, 21, 1], [0, 45, 0]],
    "0-4_23.jpg": [[0, 24, 0], [0, 46, 0], [0, 22, 4]],
    "0-4_24.jpg": [[0, 35, 4], [0, 51, 0]],
    "0-4_25.jpg": [[0, 35, 2], [9, 42, 0], [0, 12, 0]],
    "0-4_26.jpg": [[0, 31, 0], [0, 8, 8], [0, 39, 0]],
    "0-4_27.jpg": [[0, 40, 0], [0, 46, 0], [0, 22, 4]],
    "0-5_00.jpg": [[0, 9, 1], [0, 26, 12], [0, 15, 4]],
    "0-5_01.jpg": [[1, 7, 0], [0, 39, 8], [0, 19, 1], [0, 45, 0], [0, 35, 16], [0, 19, 3]],
    "0-5_02.jpg": [[0, 40, 0], [0, 45, 0], [0, 8, 0], [0, 13, 5], [0, 14, 4], [0, 45, 0]],
    "0-5_03.jpg": [[3, 1, 0], [0, 45, 0], [6, 11, 0], [0, 45, 0], [0, 22, 4]],
    "0-5_04.jpg": [[6, 28, 0], [0, 8, 0], [0, 45, 0], [0, 38, 0], [0, 50, 0], [0, 34, 8], [2, 25, 13]],
    "0-5_05.jpg": [[0, 40, 0], [0, 53, 0], [0, 11, 0]],
    "0-5_06.jpg": [[0, 50, 0], [0, 30, 1], [0, 45, 0], [0, 15, 16], [0, 16, 1], [0, 53, 0], [0, 10, 0]],
    "0-5_07.jpg": [[0, 28, 12], [0, 28, 12], [2, 17, 8], [2, 17, 0], [0, 45, 0]],
    "0-5_08.jpg": [[5, 10, 0], [0, 21, 3]],
    "0-5_09.jpg": [[0, 4, 1], [0, 47, 0], [0, 39, 0], [0, 20, 1]],
    "0-5_10.jpg": [[0, 32, 1], [7, 23, 1], [0, 6, 3]],
    "0-5_11.jpg": [[0, 5, 3], [0, 6, 3]],
    "0-5_12.jpg": [[3, 1, 0], [0, 45, 0], [0, 35, 4], [0, 51, 0], [0, 21, 3]],
    "0-5_13.jpg": [[0, 29, 3], [9, 36, 0], [2, 25, 0], [0, 45, 0], [0, 34, 13]],
    "0-5_14.jpg": [[2, 44, 0], [0, 45, 0], [0, 24, 0], [0, 37, 1], [0, 48, 0]],
    "0-5_15.jpg": [[0, 14, 4], [0, 19, 1], [0, 45, 0], [0, 37, 1]],
    "0-5_16.jpg": [[3, 1, 0], [0, 33, 1]],
    "0-5_17.jpg": [[0, 41, 0], [2, 27, 0]],
    "0-5_18.jpg": [[0, 41, 0], [0, 23, 1]],
    "0-5_19.jpg": [[1, 7, 0], [8, 18, 4]],
    "0-5_20.jpg": [[9, 2, 0], [0, 21, 1], [4, 12, 0]],
    "0-5_21.jpg": [[0, 20, 3], [0, 45, 0], [0, 26, 0]],
    "0-5_22.jpg": [[0, 43, 0], [11, 36, 0], [0, 21, 1], [0, 45, 0]],
    "0-5_23.jpg": [[0, 24, 0], [0, 46, 0], [0, 22, 4]],
    "0-5_24.jpg": [[0, 35, 4], [0, 51, 0]],
    "0-5_25.jpg": [[0, 35, 2], [9, 42, 0], [0, 12, 0]],
    "0-5_26.jpg": [[0, 31, 0], [0, 54, 0]],
    "0-5_27.jpg": [[0, 40, 0], [0, 46, 0], [0, 22, 4]],
    "0-6_00.jpg": [[0, 9, 1], [0, 26, 12], [0, 15, 4]],
    "0-6_01.jpg": [[1, 7, 0], [0, 39, 8], [0, 19, 1], [0, 45, 0], [0, 35, 16], [0, 19, 3]],
    "0-6_02.jpg": [[0, 40, 0], [0, 45, 0], [0, 8, 0], [0, 13, 5], [0, 14, 4], [0, 45, 0]],
    "0-6_03.jpg": [[3, 1, 0], [0, 45, 0], [6, 11, 0], [0, 45, 0], [0, 22, 4]],
    "0-6_04.jpg": [[6, 28, 0], [0, 8, 0], [0, 45, 0], [0, 38, 0], [0, 50, 0], [0, 34, 8], [2, 25, 13]],
    "0-6_05.jpg": [[0, 40, 0], [0, 53, 0], [0, 11, 0]],
    "0-6_06.jpg": [[0, 50, 0], [0, 30, 1], [0, 45, 0], [0, 15, 16], [0, 16, 1], [0, 53, 0], [0, 10, 0]],
    "0-6_07.jpg": [[0, 28, 12], [0, 28, 12], [2, 17, 8], [2, 17, 0], [0, 45, 0]],
    "0-6_08.jpg": [[5, 10, 0], [0, 21, 3]],
    "0-6_09.jpg": [[0, 4, 1], [0, 47, 0], [0, 39, 0], [0, 20, 1]],
    "0-6_10.jpg": [[0, 32, 1], [7, 23, 1], [0, 6, 3]],
    "0-6_11.jpg": [[0, 5, 3], [0, 6, 3]],
    "0-6_12.jpg": [[3, 1, 0], [0, 45, 0], [0, 35, 4], [0, 51, 0], [0, 21, 3]],
    "0-6_13.jpg": [[0, 29, 3], [9, 36, 0], [2, 25, 0], [0, 45, 0], [0, 34, 13]],
    "0-6_14.jpg": [[2, 44, 0], [0, 45, 0], [0, 24, 0], [0, 37, 1], [0, 48, 0]],
    "0-6_15.jpg": [[0, 14, 4], [0, 19, 1], [0, 45, 0], [0, 37, 1]],
    "0-6_16.jpg": [[3, 1, 0], [0, 33, 1]],
    "0-6_17.jpg": [[0, 41, 0], [2, 27, 0]],
    "0-6_18.jpg": [[0, 41, 0], [0, 23, 1]],
    "0-6_19.jpg": [[1, 7, 0], [8, 18, 4]],
    "0-6_20.jpg": [[9, 2, 0], [0, 21, 1], [4, 12, 0]],
    "0-6_21.jpg": [[0, 20, 3], [0, 45, 0], [0, 26, 0]],
    "0-6_22.jpg": [[0, 43, 0], [11, 36, 0], [0, 21, 1], [0, 45, 0]],
    "0-6_23.jpg": [[0, 24, 0], [0, 46, 0], [0, 22, 4]],
    "0-6_24.jpg": [[0, 35, 4], [0, 51, 0]],
    "0-6_25.jpg": [[0, 35, 2], [9, 42, 0], [0, 12, 0]],
    "0-6_26.jpg": [[0, 31, 0], [0, 54, 0]],
    "0-6_27.jpg": [[0, 40, 0], [0, 46, 0], [0, 22, 4]],
    "0-7_00.jpg": [[0, 9, 1], [0, 26, 12], [0, 15, 4]],
    "0-7_01.jpg": [[1, 7, 0], [0, 39, 8], [0, 19, 1], [0, 45, 0], [0, 35, 16], [0, 19, 3]],
    "0-7_02.jpg": [[0, 40, 0], [0, 45, 0], [0, 8, 0], [0, 13, 5], [0, 14, 4], [0, 45, 0]],
    "0-7_03.jpg": [[3, 1, 0], [0, 45, 0], [6, 11, 0], [0, 45, 0], [0, 22, 4]],
    "0-7_04.jpg": [[6, 28, 0], [0, 8, 0], [0, 45, 0], [0, 38, 0], [0, 50, 0], [0, 34, 8], [2, 25, 13]],
    "0-7_05.jpg": [[0, 40, 0], [0, 53, 0], [0, 11, 0]],
    "0-7_06.jpg": [[0, 50, 0], [0, 30, 1], [0, 45, 0], [0, 15, 16], [0, 16, 1], [0, 53, 0], [0, 10, 0]],
    "0-7_07.jpg": [[0, 28, 12], [0, 28, 12], [2, 17, 8], [2, 17, 0], [0, 45, 0]],
    "0-7_08.jpg": [[5, 10, 0], [0, 21, 3]],
    "0-7_09.jpg": [[0, 4, 1], [0, 47, 0], [0, 39, 0], [0, 20, 1]],
    "0-7_10.jpg": [[0, 32, 1], [7, 23, 1], [0, 6, 3]],
    "0-7_11.jpg": [[0, 5, 3], [0, 6, 3]],
    "0-7_12.jpg": [[3, 1, 0], [0, 45, 0], [0, 35, 4], [0, 51, 0], [0, 21, 3]],
    "0-7_13.jpg": [[0, 29, 3], [9, 36, 0], [2, 25, 0], [0, 45, 0], [0, 34, 13]],
    "0-7_14.jpg": [[2, 44, 0], [0, 45, 0], [0, 24, 0], [0, 37, 1], [0, 48, 0]],
    "0-7_15.jpg": [[0, 14, 4], [0, 19, 1], [0, 45, 0], [0, 37, 1]],
    "0-7_16.jpg": [[3, 1, 0], [0, 33, 1]],
    "0-7_17.jpg": [[0, 41, 0], [2, 27, 0]],
    "0-7_18.jpg": [[0, 41, 0], [0, 23, 1]],
    "0-7_19.jpg": [[1, 7, 0], [8, 18, 4]],
    "0-7_20.jpg": [[9, 2, 0], [0, 21, 1], [4, 12, 0]],
    "0-7_21.jpg": [[0, 20, 3], [0, 45, 0], [0, 26, 0]],
    "0-7_22.jpg": [[0, 43, 0], [11, 36, 0], [0, 21, 1], [0, 45, 0]],
    "0-7_23.jpg": [[0, 24, 0], [0, 46, 0], [0, 22, 4]],
    "0-7_24.jpg": [[0, 35, 4], [0, 51, 0]],
    "0-7_25.jpg": [[0, 35, 2], [9, 42, 0], [0, 12, 0]],
    "0-7_26.jpg": [[0, 31, 0], [0, 54, 0]],
    "0-7_27.jpg": [[0, 40, 0], [0, 46, 0], [0, 22, 4]],
    "0-8_00.jpg": [[0, 9, 1], [0, 26, 12], [0, 15, 4]],
    "0-8_01.jpg": [[1, 7, 0], [0, 39, 8], [0, 19, 1], [0, 45, 0], [0, 35, 16], [0, 19, 3]],
    "0-8_02.jpg": [[0, 40, 0], [0, 45, 0], [0, 8, 0], [0, 13, 5], [0, 14, 4], [0, 45, 0]],
    "0-8_03.jpg": [[3, 1, 0], [0, 45, 0], [6, 11, 0], [0, 45, 0], [0, 22, 4]],
    "0-8_04.jpg": [[6, 28, 0], [0, 8, 0], [0, 45, 0], [0, 38, 0], [0, 50, 0], [0, 34, 8], [2, 25, 13]],
    "0-8_05.jpg": [[0, 40, 0], [0, 53, 0], [0, 11, 0]],
    "0-8_06.jpg": [[0, 50, 0], [0, 30, 1], [0, 45, 0], [0, 15, 16], [0, 16, 1], [0, 53, 0], [0, 10, 0]],
    "0-8_07.jpg": [[0, 28, 12], [0, 28, 12], [2, 17, 8], [2, 17, 0], [0, 45, 0]],
    "0-8_08.jpg": [[5, 10, 0], [0, 21, 3]],
    "0-8_09.jpg": [[0, 4, 1], [0, 47, 0], [0, 39, 0], [0, 20, 1]],
    "0-8_10.jpg": [[0, 32, 1], [7, 23, 1], [0, 6, 3]],
    "0-8_11.jpg": [[0, 5, 3], [0, 6, 3]],
    "0-8_12.jpg": [[3, 1, 0], [0, 45, 0], [0, 35, 4], [0, 51, 0], [0, 21, 3]],
    "0-8_13.jpg": [[0, 29, 3], [9, 36, 0], [2, 25, 0], [0, 45, 0], [0, 34, 13]],
    "0-8_14.jpg": [[2, 44, 0], [0, 45, 0], [0, 24, 0], [0, 37, 1], [0, 48, 0]],
    "0-8_15.jpg": [[0, 14, 4], [0, 19, 1], [0, 45, 0], [0, 37, 1]],
    "0-8_16.jpg": [[3, 1, 0], [0, 33, 1]],
    "0-8_17.jpg": [[0, 41, 0], [2, 27, 0]],
    "0-8_18.jpg": [[0, 41, 0], [0, 23, 1]],
    "0-8_19.jpg": [[1, 7, 0], [8, 18, 4]],
    "0-8_20.jpg": [[9, 2, 0], [0, 21, 1], [4, 12, 0]],
    "0-8_21.jpg": [[0, 20, 3], [0, 45, 0], [0, 26, 0]],
    "0-8_22.jpg": [[0, 43, 0], [11, 36, 0], [0, 21, 1], [0, 45, 0]],
    "0-8_23.jpg": [[0, 24, 0], [0, 46, 0], [0, 22, 4]],
    "0-8_24.jpg": [[0, 35, 4], [0, 51, 0]],
    "0-8_25.jpg": [[0, 35, 2], [9, 42, 0], [0, 12, 0]],
    "0-8_26.jpg": [[0, 31, 0], [0, 54, 0]],
    "0-8_27.jpg": [[0, 40, 0], [0, 46, 0], [0, 22, 4]],
    "0-9_00.jpg": [[0, 9, 1], [0, 26, 12], [0, 15, 4]],
    "0-9_01.jpg": [[1, 7, 0], [0, 39, 8], [0, 19, 1], [0, 45, 0], [0, 35, 16], [0, 19, 3]],
    "0-9_02.jpg": [[0, 40, 0], [0, 45, 0], [0, 8, 0], [0, 13, 5], [0, 14, 4], [0, 45, 0]],
    "0-9_03.jpg": [[3, 1, 0], [0, 45, 0], [6, 11, 0], [0, 45, 0], [0, 22, 4]],
    "0-9_04.jpg": [[6, 28, 0], [0, 8, 0], [0, 45, 0], [0, 38, 0], [0, 50, 0], [0, 34, 8], [2, 25, 13]],
    "0-9_05.jpg": [[0, 40, 0], [0, 53, 0], [0, 11, 0]],
    "0-9_06.jpg": [[0, 50, 0], [0, 30, 1], [0, 45, 0], [0, 15, 16], [0, 16, 1], [0, 53, 0], [0, 10, 0]],
    "0-9_07.jpg": [[0, 28, 12], [0, 28, 12], [2, 17, 8], [2, 17, 0], [0, 45, 0]],
    "0-9_08.jpg": [[5, 10, 0], [0, 21, 3]],
    "0-9_09.jpg": [[0, 4, 1], [0, 47, 0], [0, 39, 0], [0, 20, 1]],
    "0-9_10.jpg": [[0, 32, 1], [7, 23, 1], [0, 6, 3]],
    "0-9_11.jpg": [[0, 5, 3], [0, 6, 3]],
    "0-9_12.jpg": [[3, 1, 0], [0, 45, 0], [0, 35, 4], [0, 51, 0], [0, 21, 3]],
    "0-9_13.jpg": [[0, 29, 3], [9, 36, 0], [2, 25, 0], [0, 45, 0], [0, 34, 13]],
    "0-9_14.jpg": [[2, 44, 0], [0, 45, 0], [0, 24, 0], [0, 37, 1], [0, 48, 0]],
    "0-9_15.jpg": [[0, 14, 4], [0, 19, 1], [0, 45, 0], [0, 37, 1]],
    "0-9_16.jpg": [[3, 1, 0], [0, 33, 1]],
    "0-9_17.jpg": [[0, 41, 0], [2, 27, 0]],
    "0-9_18.jpg": [[0, 41, 0], [0, 23, 1]],
    "0-9_19.jpg": [[1, 7, 0], [8, 18, 4]],
    "0-9_20.jpg": [[9, 2, 0], [0, 21, 1], [4, 12, 0]],
    "0-9_21.jpg": [[0, 20, 3], [0, 45, 0], [0, 26, 0]],
    "0-9_22.jpg": [[0, 43, 0], [11, 36, 0], [0, 21, 1], [0, 45, 0]],
    "0-9_23.jpg": [[0, 24, 0], [0, 46, 0], [0, 22, 4]],
    "0-9_24.jpg": [[0, 35, 4], [0, 51, 0]],
    "0-9_25.jpg": [[0, 35, 2], [9, 42, 0], [0, 12, 0]],
    "0-9_26.jpg": [[0, 31, 0], [0, 54, 0]],
    "0-9_27.jpg": [[0, 40, 0], [0, 22, 4]],
    "2-0_00.jpg": [[0, 5, 9]],
    "2-0_01.jpg": [[3, 1, 0], [0, 24, 13], [0, 24, 0], [0, 34, 0]],
    "2-0_02.jpg": [[0, 50, 0], [0, 32, 5]],
    "2-0_03.jpg": [[0, 50, 0], [0, 32, 1], [0, 45, 0], [0, 50, 0], [0, 41, 0], [0, 45, 0], [0, 50, 0], [0, 24, 8]],
    "2-0_04.jpg": [[0, 32, 1], [0, 24, 0], [0, 8, 8]],
    "2-0_05.jpg": [[7, 37, 1], [0, 50, 0], [0, 22, 17]],
    "2-0_06.jpg": [[2, 25, 0], [7, 23, 1], [0, 50, 0], [9, 36, 8], [0, 26, 0], [0, 45, 0]],
    "2-0_07.jpg": [[0, 28, 12], [9, 42, 12], [0, 30, 1], [2, 27, 0]],
    "2-0_08.jpg": [[6, 28, 0], [0, 24, 12], [0, 28, 0], [0, 24, 8], [0, 24, 12], [0, 32, 1], [0, 34, 0]],
    "2-0_09.jpg": [[0, 40, 0], [0, 41, 0]],
    "2-0_10.jpg": [[0, 24, 13], [0, 26, 8], [7, 25, 0]],
    "2-0_11.jpg": [[0, 24, 13], [0, 35, 4], [0, 22, 4]],
    "2-0_12.jpg": [[0, 10, 0], [0, 49, 0], [0, 26, 13], [0, 50, 0], [0, 32, 5]],
    "2-0_13.jpg": [[3, 1, 0], [0, 49, 0], [0, 32, 1], [0, 24, 12]],
    "2-0_14.jpg": [[0, 32, 1], [0, 19, 5], [0, 19, 1], [0, 50, 0], [0, 32, 5]],
    "2-0_15.jpg": [[0, 40, 0], [0, 45, 0], [0, 8, 0], [0, 13, 5], [0, 14, 4], [0, 45, 0], [0, 37, 1], [0, 8, 8]],
    "2-0_16.jpg": [[0, 32, 1], [0, 45, 0], [0, 20, 1], [0, 48, 0]],
    "2-0_17.jpg": [[0, 4, 1], [0, 40, 8], [0, 50, 0], [0, 40, 8]],
    "2-0_18.jpg": [[3, 1, 0], [0, 49, 0], [0, 40, 0]],
    "2-0_19.jpg": [[0, 8, 0], [0, 26, 0]],
    "2-0_20.jpg": [[0, 37, 1], [0, 49, 0], [7, 19, 1], [7, 22, 4]],
    "2-0_21.jpg": [[0, 26, 12], [0, 40, 0], [0, 45, 0], [0, 34, 0]],
    "2-0_22.jpg": [[0, 37, 1], [0, 10, 0], [0, 45, 0]],
    "2-0_23.jpg": [[0, 37, 1], [9, 36, 0], [0, 19, 1]],
    "2-0_24.jpg": [[0, 41, 0], [0, 45, 0], [0, 26, 12], [0, 8, 0], [0, 35, 4], [0, 26, 0]],
    "2-0_25.jpg": [[6, 28, 0], [7, 32, 1], [0, 9, 1]],
    "2-0_26.jpg": [[0, 40, 0], [4, 24, 0], [0, 26, 8], [0, 50, 0], [0, 10, 8]],
    "2-0_27.jpg": [[9, 36, 0], [0, 49, 0], [0, 34, 12], [0, 40, 8], [4, 24, 0], [0, 37, 1], [0, 19, 1]],
    "2-0_28.jpg": [[3, 1, 0], [0, 50, 0], [0, 28, 8], [0, 50, 0], [0, 32, 5]],
    "2-0_29.jpg": [[0, 8, 0], [0, 24, 0], [0, 45, 0], [0, 26, 0], [0, 45, 0], [0, 34, 0], [0, 8, 0]],
    "2-0_30.jpg": [[0, 34, 0], [0, 45, 0]],
    "2-0_31.jpg": [[0, 37, 1], [0, 26, 0]],
    "2-0_32.jpg": [[2, 25, 0], [7, 23, 1], [0, 50, 0], [9, 36, 8], [0, 26, 0], [0, 45, 0]],
    "2-0_33.jpg": [[3, 1, 0], [0, 49, 0], [4, 24, 0], [9, 36, 0], [0, 24, 8]],
    "2-0_34.jpg": [[0, 8, 0], [0, 35, 4]],
    "2-0_35.jpg": [[0, 24, 12], [0, 30, 7], [0, 32, 1]],
    "2-0_36.jpg": [[0, 26, 0], [0, 49, 0], [0, 24, 0], [0, 50, 0], [0, 41, 0], [0, 45, 0], [0, 24, 8]],
    "2-0_37.jpg": [[2, 25, 0], [7, 23, 1], [0, 50, 0], [9, 36, 8], [0, 26, 0], [0, 45, 0]],
    "2-0_38.jpg": [[3, 1, 0], [0, 40, 0], [0, 45, 0], [7, 25, 0]],
    "2-0_39.jpg": [[0, 50, 0], [9, 36, 8], [0, 9, 1], [0, 26, 0], [0, 34, 0], [0, 8, 0], [0, 19, 1]],
    "2-0_40.jpg": [[3, 1, 0], [0, 49, 0], [4, 24, 0], [9, 42, 0], [0, 24, 8]],
    "2-0_41.jpg": [[0, 8, 0], [0, 35, 4]],
    "2-0_42.jpg": [[0, 24, 12], [0, 30, 7], [0, 32, 1]],
    "2-0_43.jpg": [[0, 28, 12], [9, 42, 12], [0, 30, 1], [2, 27, 0]],
    "2-0_44.jpg": [[0, 15, 4], [0, 45, 0], [0, 24, 12], [0, 8, 0]],
    "2-0_45.jpg": [[0, 40, 0], [0, 53, 0], [0, 37, 1], [0, 45, 0], [2, 25, 0], [0, 34, 0]],
    "2-0_46.jpg": [[0, 32, 1], [0, 50, 0], [0, 10, 8]],
    "2-0_47.jpg": [[3, 1, 0], [0, 24, 13], [0, 24, 0]],
    "2-0_48.jpg": [[0, 32, 1], [0, 24, 0], [0, 8, 0], [0, 34, 0], [0, 19, 1]],
    "2-0_49.jpg": [[0, 50, 0], [0, 41, 8], [4, 24, 0], [0, 37, 1], [0, 34, 0]],
    "2-0_50.jpg": [[3, 1, 0], [0, 50, 0], [0, 28, 8]],
    "2-0_51.jpg": [[0, 10, 0], [0, 50, 0], [0, 32, 5]],
    "2-0_52.jpg": [[2, 25, 0], [7, 23, 1], [0, 50, 0], [9, 36, 8], [0, 26, 0], [0, 45, 0], [0, 24, 8]],
    "2-0_53.jpg": [[0, 5, 3], [0, 50, 0], [0, 40, 8]],
    "2-0_54.jpg": [[0, 50, 0], [0, 32, 1], [0, 50, 0], [0, 40, 8]],
    "2-0_55.jpg": [[0, 5, 3], [0, 50, 0], [0, 8, 0], [0, 8, 8]],
    "2-0_56.jpg": [[0, 50, 0], [0, 26, 0], [0, 50, 0], [0, 37, 5], [0, 34, 0]],
    "2-0_57.jpg": [[0, 15, 4], [0, 45, 0], [0, 24, 12], [0, 8, 0]],
    "2-0_58.jpg": [[0, 37, 7], [0, 32, 1], [0, 19, 1]],
    "2-0_59.jpg": [[3, 1, 0], [0, 37, 1], [0, 38, 0], [0, 48, 0]],
    "2-0_60.jpg": [[0, 40, 12], [0, 34, 0], [10, 36, 0]],
    "2-0_61.jpg": [[7, 40, 0], [7, 25, 0], [7, 40, 0], [0, 8, 0], [0, 32, 5]],
    "2-0_62.jpg": [[3, 1, 0], [0, 49, 0], [0, 24, 12]],
    "2-0_63.jpg": [[2, 25, 0], [7, 23, 1], [0, 50, 0], [9, 36, 8], [0, 26, 0], [0, 45, 0]],
    "2-0_64.jpg": [[0, 15, 4], [0, 45, 0], [0, 24, 12], [0, 8, 0]],
    "2-0_65.jpg": [[0, 40, 0], [0, 24, 8], [0, 37, 1], [0, 34, 0], [0, 45, 0]],
    "2-0_66.jpg": [[0, 50, 0], [9, 36, 0], [0, 40, 0]],
    "2-0_67.jpg": [[9, 2, 0], [0, 40, 0], [0, 40, 8]],
    "2-0_68.jpg": [[0, 37, 7], [0, 32, 1]],
    "2-0_69.jpg": [[0, 32, 1], [0, 19, 1]],
    "2-0_70.jpg": [[0, 26, 0], [0, 32, 5]],
    "2-0_71.jpg": [[0, 50, 0], [9, 36, 0], [0, 45, 0], [4, 8, 0]],
    "2-0_72.jpg": [[3, 1, 0], [0, 45, 0], [0, 21, 1], [0, 32, 5], [0, 30, 1], [0, 35, 4], [0, 34, 0], [0, 8, 12]],
    "2-1_00.jpg": [[0, 5, 9]],
    "2-1_01.jpg": [[3, 1, 0], [0, 24, 13], [0, 24, 0], [0, 50, 0], [0, 34, 8]],
    "2-1_02.jpg": [[0, 50, 0], [0, 32, 5]],
    "2-1_03.jpg": [[0, 50, 0], [0, 32, 1], [0, 45, 0], [0, 50, 0], [0, 41, 0], [0, 45, 0], [0, 50, 0], [0, 24, 8]],
    "2-1_04.jpg": [[0, 32, 1], [0, 24, 0], [0, 8, 8]],
    "2-1_05.jpg": [[7, 37, 1], [0, 50, 0], [0, 22, 17]],
    "2-1_06.jpg": [[2, 25, 0], [7, 23, 1], [0, 50, 0], [9, 36, 8], [0, 26, 0], [0, 45, 0]],
    "2-1_07.jpg": [[0, 28, 12], [9, 42, 12], [0, 30, 1], [2, 27, 0]],
    "2-1_08.jpg": [[6, 28, 0], [0, 24, 12], [0, 28, 0], [0, 24, 8], [0, 24, 12], [0, 32, 1], [0, 34, 0]],
    "2-1_09.jpg": [[0, 40, 0], [0, 41, 0]],
    "2-1_10.jpg": [[0, 24, 13], [0, 26, 8], [7, 25, 0]],
    "2-1_11.jpg": [[0, 24, 13], [0, 35, 4], [0, 22, 4]],
    "2-1_12.jpg": [[0, 10, 0], [0, 49, 0], [0, 26, 13], [0, 50, 0], [0, 32, 5]],
    "2-1_13.jpg": [[3, 1, 0], [0, 49, 0], [0, 32, 1], [0, 24, 12]],
    "2-1_14.jpg": [[0, 32, 1], [0, 19, 3], [0, 19, 1], [0, 50, 0], [0, 32, 5]],
    "2-1_15.jpg": [[0, 8, 0], [0, 8, 0], [0, 13, 5], [0, 14, 4], [0, 45, 0], [0, 37, 1], [0, 8, 8]],
    "2-1_16.jpg": [[0, 32, 1], [0, 45, 0], [0, 20, 1], [0, 48, 0]],
    "2-1_17.jpg": [[0, 4, 1], [0, 40, 8], [0, 50, 0], [0, 40, 8]],
    "2-1_18.jpg": [[3, 1, 0], [0, 49, 0], [0, 40, 0]],
    "2-1_19.jpg": [[0, 8, 0], [0, 26, 0]],
    "2-1_20.jpg": [[0, 37, 1], [0, 49, 0], [7, 19, 1], [7, 22, 4]],
    "2-1_21.jpg": [[0, 26, 12], [0, 40, 0], [0, 45, 0], [0, 34, 0]],
    "2-1_22.jpg": [[0, 37, 1], [0, 10, 0], [0, 45, 0]],
    "2-1_23.jpg": [[0, 37, 1], [9, 36, 0], [0, 19, 1]],
    "2-1_24.jpg": [[0, 41, 0], [0, 45, 0], [0, 26, 12]],
    "2-1_25.jpg": [[0, 8, 0], [0, 35, 4], [0, 26, 0]],
    "2-1_26.jpg": [[6, 28, 0], [7, 32, 1], [0, 9, 1]],
    "2-1_27.jpg": [[0, 40, 0], [4, 24, 0], [0, 26, 8], [0, 50, 0], [0, 10, 8]],
    "2-1_28.jpg": [[9, 36, 0], [0, 49, 0], [0, 34, 12], [0, 40, 8], [4, 24, 0], [0, 37, 1], [0, 19, 1]],
    "2-1_29.jpg": [[3, 1, 0], [0, 50, 0], [0, 28, 8]],
    "2-1_30.jpg": [[0, 50, 0], [0, 32, 5]],
    "2-1_31.jpg": [[0, 8, 0], [0, 24, 0], [0, 45, 0], [0, 26, 0], [0, 45, 0], [0, 34, 0], [0, 8, 0], [0, 34, 0], [0, 45, 0]],
    "2-1_32.jpg": [[0, 37, 1], [0, 26, 0]],
    "2-1_33.jpg": [[2, 25, 0], [7, 23, 1], [0, 50, 0], [9, 36, 8], [0, 26, 0], [0, 45, 0]],
    "2-1_34.jpg": [[3, 1, 0], [4, 24, 0], [9, 36, 0], [0, 24, 8]],
    "2-1_35.jpg": [[0, 8, 0], [0, 35, 4]],
    "2-1_36.jpg": [[0, 24, 12], [0, 30, 7], [0, 32, 1]],
    "2-1_37.jpg": [[0, 26, 0], [0, 49, 0], [0, 24, 0], [0, 50, 0], [0, 41, 0], [0, 45, 0], [0, 24, 8]],
    "2-1_38.jpg": [[2, 25, 0], [7, 23, 1], [0, 50, 0], [9, 36, 8], [0, 26, 0], [0, 45, 0]],
    "2-1_39.jpg": [[3, 1, 0], [0, 40, 0], [0, 45, 0], [7, 25, 0]],
    "2-1_40.jpg": [[0, 50, 0], [9, 36, 8], [0, 9, 1], [0, 26, 0], [0, 34, 0], [0, 19, 1]],
    "2-1_41.jpg": [[3, 1, 0], [4, 24, 0], [9, 42, 0], [0, 24, 8]],
    "2-1_42.jpg": [[0, 8, 0], [0, 35, 4]],
    "2-1_43.jpg": [[0, 24, 12], [0, 30, 7], [0, 32, 1]],
    "2-1_44.jpg": [[0, 28, 12], [9, 42, 12], [0, 30, 1], [2, 27, 0]],
    "2-1_45.jpg": [[0, 15, 4], [0, 45, 0], [0, 24, 12], [0, 8, 0]],
    "2-1_46.jpg": [[0, 40, 0], [0, 53, 0], [0, 37, 1], [0, 45, 0], [2, 25, 0], [0, 34, 0]],
    "2-1_47.jpg": [[0, 32, 1], [0, 50, 0], [0, 10, 8]],
    "2-1_48.jpg": [[3, 1, 0], [0, 24, 13], [0, 24, 0]],
    "2-1_49.jpg": [[0, 32, 1], [0, 24, 0], [0, 8, 0], [0, 34, 0], [0, 19, 1]],
    "2-1_50.jpg": [[0, 50, 0], [0, 41, 8], [4, 24, 0], [0, 37, 1], [0, 34, 0]],
    "2-1_51.jpg": [[3, 1, 0], [0, 50, 0], [0, 28, 8]],
    "2-1_52.jpg": [[0, 10, 0], [0, 50, 0], [0, 32, 5]],
    "2-1_53.jpg": [[2, 25, 0], [7, 23, 1], [0, 50, 0], [9, 36, 8], [0, 26, 0], [0, 45, 0], [0, 24, 8]],
    "2-1_54.jpg": [[0, 5, 3], [0, 50, 0], [0, 40, 8]],
    "2-1_55.jpg": [[0, 50, 0], [0, 32, 1], [0, 50, 0], [0, 40, 8]],
    "2-1_56.jpg": [[0, 5, 3], [0, 50, 0], [0, 8, 0], [0, 8, 8]],
    "2-1_57.jpg": [[0, 50, 0], [0, 26, 0], [0, 50, 0], [0, 37, 5], [0, 34, 0]],
    "2-1_58.jpg": [[0, 15, 4], [0, 45, 0], [0, 24, 12], [0, 8, 0]],
    "2-1_59.jpg": [[0, 37, 7], [0, 32, 1], [0, 19, 1]],
    "2-1_60.jpg": [[3, 1, 0], [0, 37, 1], [0, 38, 0], [0, 48, 0]],
    "2-1_61.jpg": [[0, 40, 12], [0, 34, 0], [10, 36, 0]],
    "2-1_62.jpg": [[7, 40, 0], [7, 25, 0], [7, 40, 0], [0, 8, 0], [0, 32, 5]],
    "2-1_63.jpg": [[3, 1, 0], [0, 49, 0], [0, 24, 12]],
    "2-1_64.jpg": [[2, 25, 0], [7, 23, 1], [0, 50, 0], [9, 36, 8], [0, 26, 0], [0, 45, 0]],
    "2-1_65.jpg": [[0, 15, 4], [0, 45, 0], [0, 24, 12], [0, 8, 0]],
    "2-1_66.jpg": [[0, 40, 0], [0, 24, 8], [0, 37, 1], [0, 34, 0], [0, 45, 0]],
    "2-1_67.jpg": [[0, 50, 0], [9, 36, 0], [0, 40, 0]],
    "2-1_68.jpg": [[9, 2, 0], [0, 40, 0], [0, 40, 8]],
    "2-1_69.jpg": [[0, 37, 7], [0, 32, 1]],
    "2-1_70.jpg": [[0, 32, 1], [0, 19, 1]],
    "2-1_71.jpg": [[0, 26, 0], [0, 32, 5]],
    "2-1_72.jpg": [[0, 50, 0], [9, 36, 0], [0, 45, 0], [4, 8, 0]],
    "2-1_73.jpg": [[3, 1, 0], [0, 45, 0], [0, 21, 1], [0, 32, 5], [0, 30, 1], [0, 35, 4], [0, 34, 0], [0, 8, 12]],
    "2-2_00.jpg": [[0, 5, 9]],
    "2-2_01.jpg": [[3, 1, 0], [0, 24, 13], [0, 24, 0], [0, 34, 0]],
    "2-2_02.jpg": [[0, 50, 0], [0, 32, 5]],
    "2-2_03.jpg": [[0, 50, 0], [0, 32, 1], [0, 45, 0], [0, 50, 0], [0, 41, 0], [0, 45, 0], [0, 50, 0], [0, 24, 8]],
    "2-2_04.jpg": [[0, 32, 1], [0, 24, 0], [0, 8, 8]],
    "2-2_05.jpg": [[7, 37, 1], [0, 50, 0], [0, 22, 17]],
    "2-2_06.jpg": [[2, 25, 0], [7, 23, 1], [0, 50, 0], [9, 36, 8], [0, 26, 0], [0, 45, 0]],
    "2-2_07.jpg": [[0, 28, 12], [9, 42, 12], [0, 30, 1], [2, 27, 0]],
    "2-2_08.jpg": [[6, 28, 0], [0, 24, 12], [0, 28, 0], [0, 24, 8], [0, 24, 12], [0, 32, 1], [0, 34, 0]],
    "2-2_09.jpg": [[0, 40, 0], [0, 41, 0]],
    "2-2_10.jpg": [[0, 24, 13], [0, 26, 8], [7, 25, 0]],
    "2-2_11.jpg": [[0, 24, 13], [0, 35, 4], [0, 22, 4]],
    "2-2_12.jpg": [[0, 10, 0], [0, 49, 0], [0, 26, 13], [0, 50, 0], [0, 32, 5]],
    "2-2_13.jpg": [[3, 1, 0], [0, 49, 0], [0, 32, 1], [0, 24, 12]],
    "2-2_14.jpg": [[0, 32, 1], [0, 19, 5], [0, 19, 1], [0, 50, 0], [0, 32, 5]],
    "2-2_15.jpg": [[0, 40, 0], [0, 45, 0], [0, 8, 0], [0, 13, 5], [0, 14, 4], [0, 45, 0], [0, 37, 1], [0, 8, 8]],
    "2-2_16.jpg": [[0, 32, 1], [0, 45, 0], [0, 20, 1], [0, 48, 0]],
    "2-2_17.jpg": [[0, 4, 1], [0, 40, 8], [0, 50, 0], [0, 40, 8]],
    "2-2_18.jpg": [[3, 1, 0], [0, 49, 0], [0, 40, 0]],
    "2-2_19.jpg": [[0, 8, 0], [0, 26, 0]],
    "2-2_20.jpg": [[0, 37, 1], [0, 49, 0], [7, 19, 1], [7, 22, 4]],
    "2-2_21.jpg": [[0, 26, 12], [0, 40, 0], [0, 45, 0]],
    "2-2_22.jpg": [[0, 34, 0]],
    "2-2_23.jpg": [[0, 37, 1], [0, 10, 0], [0, 45, 0], [0, 37, 1], [9, 36, 0], [0, 19, 1]],
    "2-2_24.jpg": [[0, 41, 0], [0, 45, 0], [0, 26, 12]],
    "2-2_25.jpg": [[0, 8, 0], [0, 35, 4], [0, 26, 0]],
    "2-2_26.jpg": [[6, 28, 0], [7, 32, 1], [0, 9, 1]],
    "2-2_27.jpg": [[0, 40, 0], [4, 24, 0], [0, 26, 8], [0, 50, 0], [0, 10, 8]],
    "2-2_28.jpg": [[9, 36, 0], [0, 49, 0], [0, 34, 12], [0, 40, 8], [4, 24, 0], [0, 37, 1], [0, 19, 1]],
    "2-2_29.jpg": [[3, 1, 0], [0, 50, 0], [0, 28, 8]],
    "2-2_30.jpg": [[0, 50, 0], [0, 32, 5]],
    "2-2_31.jpg": [[0, 8, 0], [0, 24, 0], [0, 45, 0], [0, 26, 0], [0, 45, 0], [0, 34, 0], [0, 8, 0], [0, 34, 0]],
    "2-2_32.jpg": [[0, 37, 1], [0, 26, 0]],
    "2-2_33.jpg": [[2, 25, 0], [7, 23, 1], [0, 50, 0], [9, 36, 8], [0, 26, 0], [0, 45, 0]],
    "2-2_34.jpg": [[3, 1, 0], [0, 49, 0], [4, 24, 0], [9, 36, 0], [0, 24, 8]],
    "2-2_35.jpg": [[0, 8, 0], [0, 35, 4]],
    "2-2_36.jpg": [[0, 24, 12], [0, 30, 7], [0, 32, 1]],
    "2-2_37.jpg": [[0, 26, 0], [0, 49, 0], [0, 24, 0], [0, 50, 0], [0, 41, 0], [0, 45, 0], [0, 24, 8]],
    "2-2_38.jpg": [[2, 25, 0], [7, 23, 1], [0, 50, 0], [9, 36, 8], [0, 26, 0], [0, 45, 0]],
    "2-2_39.jpg": [[3, 1, 0], [0, 40, 0], [0, 45, 0], [7, 25, 0]],
    "2-2_40.jpg": [[0, 50, 0], [9, 36, 8], [0, 9, 1], [0, 26, 0], [0, 34, 0], [0, 8, 0], [0, 19, 1]],
    "2-2_41.jpg": [[3, 1, 0], [0, 49, 0], [4, 24, 0], [9, 42, 0], [0, 24, 8]],
    "2-2_42.jpg": [[0, 8, 0], [0, 35, 4]],
    "2-2_43.jpg": [[0, 24, 12], [0, 30, 7], [0, 32, 1]],
    "2-2_44.jpg": [[0, 28, 12], [9, 42, 12], [0, 30, 1], [2, 27, 0]],
    "2-2_45.jpg": [[0, 15, 4], [0, 45, 0], [0, 24, 12], [0, 8, 0]],
    "2-2_46.jpg": [[0, 40, 0], [0, 53, 0], [0, 37, 1], [0, 45, 0], [2, 25, 0], [0, 34, 0]],
    "2-2_47.jpg": [[0, 32, 1], [0, 50, 0], [0, 10, 8]],
    "2-2_48.jpg": [[3, 1, 0], [0, 24, 13], [0, 24, 0]],
    "2-2_49.jpg": [[0, 32, 1], [0, 24, 0], [0, 8, 0], [0, 34, 0], [0, 19, 1]],
    "2-2_50.jpg": [[0, 50, 0], [0, 41, 8], [4, 24, 0], [0, 37, 1], [0, 34, 0]],
    "2-2_51.jpg": [[3, 1, 0], [0, 50, 0], [0, 28, 8]],
    "2-2_52.jpg": [[0, 10, 0], [0, 50, 0], [0, 32, 5]],
    "2-2_53.jpg": [[2, 25, 0], [7, 23, 1], [0, 50, 0], [9, 36, 8], [0, 26, 0], [0, 45, 0], [0, 24, 8]],
    "2-2_54.jpg": [[0, 5, 3], [0, 50, 0], [0, 40, 8]],
    "2-2_55.jpg": [[0, 50, 0], [0, 32, 1], [0, 50, 0], [0, 40, 8]],
    "2-2_56.jpg": [[0, 5, 3], [0, 50, 0], [0, 8, 0], [0, 8, 8]],
    "2-2_57.jpg": [[0, 50, 0], [0, 26, 0], [0, 50, 0], [0, 37, 5], [0, 34, 0]],
    "2-2_58.jpg": [[0, 15, 4], [0, 45, 0], [0, 24, 12], [0, 8, 0]],
    "2-2_59.jpg": [[0, 37, 7], [0, 32, 1], [0, 19, 1]],
    "2-2_60.jpg": [[3, 1, 0], [0, 37, 1], [0, 38, 0], [0, 48, 0]],
    "2-2_61.jpg": [[0, 40, 12], [0, 34, 0], [10, 36, 0]],
    "2-2_62.jpg": [[7, 40, 0], [7, 25, 0], [7, 40, 0], [0, 8, 0], [0, 32, 5]],
    "2-2_63.jpg": [[3, 1, 0], [0, 49, 0], [0, 24, 12]],
    "2-2_64.jpg": [[2, 25, 0], [7, 23, 1], [0, 50, 0], [9, 36, 8], [0, 26, 0], [0, 45, 0]],
    "2-2_65.jpg": [[0, 15, 4], [0, 45, 0], [0, 24, 12], [0, 8, 0]],
    "2-2_66.jpg": [[0, 40, 0], [0, 24, 8], [0, 37, 1], [0, 34, 0], [0, 45, 0]],
    "2-2_67.jpg": [[0, 50, 0], [9, 36, 0], [0, 40, 0]],
    "2-2_68.jpg": [[9, 2, 0], [0, 40, 0], [0, 40, 8]],
    "2-2_69.jpg": [[0, 37, 7], [0, 32, 1]],
    "2-2_70.jpg": [[0, 32, 1], [0, 19, 1]],
    "2-2_71.jpg": [[0, 26, 0], [0, 32, 5]],
    "2-2_72.jpg": [[0, 50, 0], [9, 36, 0], [0, 45, 0], [4, 8, 0]],
    "2-2_73.jpg": [[3, 1, 0], [0, 45, 0], [0, 21, 1], [0, 32, 5], [0, 30, 1], [0, 35, 4], [0, 34, 0], [0, 8, 12]],
    "3-0_00.jpg": [[0, 41, 12], [0, 32, 1], [0, 50, 0], [0, 34, 8]],
    "3-0_01.jpg": [[0, 24, 12], [7, 30, 1], [7, 22, 4]],
    "3-0_02.jpg": [[0, 8, 0], [0, 21, 1]],
    "3-0_03.jpg": [[2, 25, 12], [0, 40, 0], [0, 45, 0], [0, 28, 0], [0, 24, 12], [4, 24, 0], [0, 32, 1], [0, 45, 0], [0, 50, 0], [0, 10, 8]],
    "3-0_04.jpg": [[0, 30, 1], [9, 36, 0], [0, 28, 0], [6, 24, 0], [9, 36, 0], [0, 45, 0], [0, 31, 13], [0, 26, 8]],
    "3-0_05.jpg": [[0, 37, 6], [0, 40, 12], [0, 26, 8]],
    "3-0_06.jpg": [[0, 28, 0], [0, 37, 1], [0, 24, 8], [0, 37, 1], [0, 45, 0], [0, 50, 0], [0, 10, 0], [0, 26, 0]],
    "3-0_07.jpg": [[0, 34, 0], [7, 26, 0]],
    "3-0_08.jpg": [[9, 36, 0], [0, 49, 0], [0, 30, 7], [0, 34, 0]],
    "3-0_09.jpg": [[0, 40, 0], [0, 51, 0], [0, 32, 1]],
    "3-0_10.jpg": [[0, 8, 0], [0, 21, 1], [0, 34, 0], [0, 8, 0], [0, 32, 1]],
    "3-0_11.jpg": [[0, 28, 0], [0, 45, 0], [0, 50, 0], [0, 41, 8]],
    "3-0_12.jpg": [[0, 50, 0], [0, 8, 0], [0, 50, 0], [0, 40, 0], [9, 36, 8]],
    "3-0_13.jpg": [[0, 8, 0], [0, 49, 0], [0, 26, 8]],
    "3-0_14.jpg": [[0, 50, 0], [2, 25, 0], [0, 8, 0]],
    "3-0_15.jpg": [[4, 24, 0], [0, 26, 0], [0, 8, 8]],
    "3-0_16.jpg": [[0, 37, 1], [0, 24, 8]],
    "3-0_17.jpg": [[0, 24, 12], [7, 30, 1], [0, 22, 14]],
    "3-0_18.jpg": [[3, 1, 0], [10, 36, 0], [0, 37, 1], [0, 45, 0]],
    "3-0_19.jpg": [[3, 1, 0], [0, 10, 8], [0, 10, 0], [9, 36, 0], [0, 45, 0]],
    "3-0_20.jpg": [[0, 8, 0], [0, 49, 0], [7, 37, 1], [0, 32, 5]],
    "3-0_21.jpg": [[0, 50, 0], [0, 8, 0], [0, 45, 0], [0, 8, 12], [0, 40, 8]],
    "3-0_22.jpg": [[0, 50, 0], [0, 32, 1], [0, 26, 8], [0, 32, 1]],
    "3-0_23.jpg": [[0, 37, 6], [0, 40, 8], [0, 8, 12], [0, 35, 14], [0, 8, 8], [2, 17, 8], [2, 17, 0], [0, 45, 0]],
    "3-0_24.jpg": [[0, 40, 0], [0, 41, 0]],
    "3-0_25.jpg": [[7, 41, 0], [9, 42, 0], [0, 53, 0]],
    "3-0_26.jpg": [[0, 37, 6], [0, 40, 8], [0, 50, 0], [0, 8, 0], [0, 45, 8], [4, 24, 0], [2, 25, 0]],
    "3-0_27.jpg": [[0, 24, 12], [7, 30, 1], [0, 22, 14]],
    "3-0_28.jpg": [[0, 5, 3], [0, 8, 0], [9, 36, 0]],
    "3-0_29.jpg": [[0, 40, 0], [0, 24, 0]],
    "3-0_30.jpg": [[0, 8, 8], [0, 0, 18], [0, 0, 18]],
    "3-0_31.jpg": [[0, 50, 0], [0, 10, 0], [0, 26, 0]],
    "3-0_32.jpg": [[0, 26, 0], [0, 10, 0], [0, 35, 4], [0, 50, 0], [0, 34, 8]],
    "3-0_33.jpg": [[0, 50, 0], [0, 30, 5], [0, 8, 0], [0, 35, 14], [0, 34, 0], [0, 19, 1]],
    "3-0_34.jpg": [[0, 10, 12], [0, 34, 0]],
    "3-0_35.jpg": [[0, 37, 6], [0, 19, 1]],
    "3-0_36.jpg": [[0, 37, 6], [0, 40, 8], [0, 8, 12], [0, 35, 14], [2, 17, 8], [2, 17, 0], [0, 45, 0]],
    "3-0_37.jpg": [[0, 28, 0], [0, 26, 0], [0, 41, 0], [0, 8, 8], [2, 25, 0]],
    "3-0_38.jpg": [[7, 41, 0], [9, 42, 0], [0, 53, 0]],
    "3-0_39.jpg": [[0, 37, 6], [0, 40, 8], [0, 50, 0], [0, 8, 0], [0, 45, 8], [4, 24, 0]],
    "3-0_40.jpg": [[0, 28, 0], [0, 26, 0], [0, 41, 0], [0, 8, 8], [2, 25, 0]],
    "3-0_41.jpg": [[0, 10, 0], [0, 24, 0]],
    "3-0_42.jpg": [[0, 41, 0], [0, 49, 0], [0, 8, 12]],
    "3-0_43.jpg": [[0, 37, 6], [0, 34, 0]],
    "3-0_44.jpg": [[0, 8, 0], [0, 49, 0], [7, 37, 1], [0, 32, 1], [0, 8, 8]],
    "3-0_45.jpg": [[0, 8, 0], [0, 45, 0]],
    "3-0_46.jpg": [[0, 50, 0], [0, 24, 8]],
    "3-0_47.jpg": [[0, 8, 0], [0, 41, 0], [0, 19, 1]],
    "3-0_48.jpg": [[0, 50, 0], [0, 8, 0], [0, 45, 8], [0, 28, 8], [0, 28, 0], [0, 34, 0], [0, 8, 8]],
    "3-0_49.jpg": [[0, 30, 7], [0, 32, 1], [0, 19, 1]],
    "3-0_50.jpg": [[0, 40, 0], [0, 24, 0]],
    "3-0_51.jpg": [[0, 50, 0], [2, 25, 0], [0, 8, 0], [0, 8, 12], [0, 26, 8]],
    "3-0_52.jpg": [[0, 41, 0], [0, 49, 0], [0, 8, 12]],
    "3-0_53.jpg": [[0, 37, 6], [0, 34, 0]],
    "3-0_54.jpg": [[3, 1, 0], [2, 25, 0]],
    "3-0_55.jpg": [[0, 8, 0], [0, 21, 1], [0, 28, 12], [9, 36, 0], [0, 8, 8]],
    "3-0_56.jpg": [[0, 10, 0], [0, 45, 0], [0, 50, 0], [0, 22, 17]],
    "3-0_57.jpg": [[0, 50, 0], [0, 10, 0], [0, 45, 0], [0, 21, 1]],
    "3-0_58.jpg": [[0, 50, 0], [0, 10, 0], [0, 45, 0], [0, 21, 1], [0, 37, 1], [9, 36, 8]],
    "3-0_59.jpg": [[0, 5, 3], [9, 36, 8], [9, 36, 0], [0, 45, 0]],
    "3-0_60.jpg": [[3, 1, 0], [0, 49, 0], [0, 24, 12]],
    "3-0_61.jpg": [[0, 19, 6], [0, 28, 12], [0, 19, 6], [0, 28, 8]],
    "3-0_62.jpg": [[0, 37, 1], [0, 49, 0], [0, 26, 12]],
    "3-0_63.jpg": [[0, 50, 0], [2, 25, 8], [0, 37, 1], [9, 36, 8]],
    "3-0_64.jpg": [[0, 50, 0], [0, 37, 1], [7, 26, 0], [0, 37, 1], [0, 19, 1]],
    "3-0_65.jpg": [[0, 5, 3], [2, 25, 0], [0, 45, 0]],
    "3-0_66.jpg": [[0, 24, 12], [7, 30, 1], [0, 50, 0], [0, 22, 17]],
    "3-0_67.jpg": [[3, 1, 0], [7, 32, 1], [4, 24, 0]],
    "3-0_68.jpg": [[0, 19, 6], [0, 28, 12], [0, 19, 6], [0, 28, 8]],
    "3-0_69.jpg": [[0, 37, 1], [0, 35, 16], [0, 10, 0], [0, 34, 0], [0, 8, 12]],
    "4-0_00.jpg": [[3, 1, 0], [0, 10, 0], [0, 32, 1], [0, 49, 0], [0, 24, 12]],
    "4-0_01.jpg": [[3, 1, 0], [0, 34, 12]],
    "4-0_02.jpg": [[0, 5, 3], [0, 32, 5]],
    "4-0_03.jpg": [[0, 5, 3], [0, 43, 8]],
    "4-0_04.jpg": [[0, 40, 0], [0, 45, 0], [0, 8, 0], [0, 13, 5], [0, 14, 4], [0, 45, 0]],
    "4-0_05.jpg": [[9, 36, 12], [0, 28, 12], [0, 50, 0], [0, 10, 0], [0, 45, 0], [7, 26, 0]],
    "4-0_06.jpg": [[3, 1, 0], [0, 10, 0], [0, 32, 1], [0, 49, 0], [0, 24, 12]],
    "4-0_07.jpg": [[0, 8, 0], [0, 45, 0], [0, 35, 16], [0, 34, 0], [0, 45, 0], [9, 36, 0], [0, 50, 0], [0, 34, 0], [0, 26, 8]],
    "4-0_08.jpg": [[3, 1, 0], [4, 24, 0], [0, 35, 4], [0, 49, 0], [2, 25, 0], [0, 26, 8]],
    "4-0_09.jpg": [[0, 50, 0], [0, 8, 0], [0, 45, 0], [9, 42, 0], [0, 33, 1]],
    "4-0_10.jpg": [[3, 1, 0], [6, 10, 0], [0, 45, 0], [0, 32, 1], [0, 45, 0], [0, 24, 0], [0, 48, 0]],
    "4-0_11.jpg": [[0, 50, 0], [9, 36, 8], [0, 8, 0], [0, 32, 5]],
    "4-0_12.jpg": [[0, 8, 0], [0, 45, 0], [0, 35, 16], [0, 34, 0], [0, 45, 0], [9, 36, 0], [0, 50, 0], [0, 34, 8]],
    "4-0_13.jpg": [[0, 24, 12], [8, 30, 1]],
    "4-0_14.jpg": [[3, 1, 0], [0, 10, 0], [0, 32, 1], [0, 49, 0], [0, 24, 12], [0, 37, 1], [0, 35, 4], [0, 34, 0], [0, 45, 0]],
    "4-0_15.jpg": [[0, 41, 0], [0, 45, 0]],
    "4-0_16.jpg": [[0, 15, 4], [0, 45, 0], [0, 24, 0], [0, 48, 0], [0, 26, 8], [0, 24, 0], [0, 35, 4]],
    "4-0_17.jpg": [[8, 32, 1], [9, 36, 0], [0, 48, 0]],
    "4-0_18.jpg": [[3, 1, 0], [0, 35, 4], [7, 32, 1], [2, 25, 0], [0, 50, 0], [9, 36, 8]],
    "4-0_19.jpg": [[0, 26, 12], [9, 36, 0], [0, 20, 1], [0, 45, 0], [0, 35, 14], [0, 26, 8]],
    "4-0_20.jpg": [[3, 1, 0], [0, 24, 0], [0, 35, 4]],
    "4-0_21.jpg": [[0, 40, 0], [0, 45, 0], [0, 8, 0], [0, 13, 5], [0, 14, 4], [0, 45, 0]],
    "4-0_22.jpg": [[0, 28, 12], [9, 42, 12], [0, 30, 1], [2, 27, 0]],
    "4-0_23.jpg": [[0, 8, 0], [0, 35, 4], [0, 49, 0], [7, 41, 0]],
    "4-0_24.jpg": [[3, 1, 0], [0, 49, 0], [4, 24, 0], [9, 42, 0], [0, 24, 8]],
    "4-0_25.jpg": [[0, 37, 1], [0, 45, 0], [0, 35, 16], [0, 24, 0], [0, 45, 0]],
    "4-0_26.jpg": [[0, 50, 0], [0, 32, 5]],
    "4-0_27.jpg": [[0, 37, 1], [0, 26, 0]],
    "4-0_28.jpg": [[0, 37, 6], [0, 19, 1]],
    "4-0_29.jpg": [[3, 1, 0], [6, 10, 0], [0, 45, 0], [0, 32, 1], [0, 45, 0], [0, 24, 0], [0, 48, 0]],
    "4-0_30.jpg": [[0, 50, 0], [9, 36, 8], [0, 8, 0], [0, 32, 5]],
    "4-0_31.jpg": [[0, 8, 0], [0, 45, 0], [0, 35, 16], [0, 34, 0], [0, 45, 0], [9, 36, 0], [0, 50, 0], [0, 34, 8]],
    "4-0_32.jpg": [[0, 50, 0], [0, 26, 0], [0, 45, 0], [0, 32, 1], [0, 49, 0], [0, 24, 12]],
    "4-0_33.jpg": [[0, 30, 1], [0, 37, 1]],
    "4-0_34.jpg": [[2, 25, 0], [0, 49, 0], [0, 26, 0], [0, 10, 0], [0, 26, 8], [0, 26, 0], [0, 19, 1]],
    "4-0_35.jpg": [[3, 1, 0], [0, 49, 0], [0, 24, 0]],
    "4-0_36.jpg": [[0, 50, 0], [0, 32, 5]],
    "4-0_37.jpg": [[0, 40, 0], [0, 32, 5], [0, 30, 1], [0, 26, 8], [0, 20, 1], [0, 50, 0], [0, 34, 0], [0, 26, 8]],
    "4-0_38.jpg": [[0, 8, 0], [9, 42, 0]],
    "4-0_39.jpg": [[0, 37, 6], [0, 32, 1], [0, 40, 13], [0, 20, 5], [2, 25, 13]],
    "4-0_40.jpg": [[3, 1, 0], [6, 10, 0], [0, 45, 0], [0, 32, 1], [0, 45, 0], [0, 24, 0], [0, 48, 0]],
    "4-0_41.jpg": [[0, 50, 0], [9, 36, 8], [0, 8, 0], [0, 32, 5]],
    "4-0_42.jpg": [[0, 8, 0], [0, 45, 0], [0, 35, 16], [0, 34, 0], [0, 45, 0], [9, 36, 0], [0, 50, 0], [0, 34, 8]],
    "4-0_43.jpg": [[0, 50, 0], [0, 15, 4], [0, 48, 0], [0, 39, 8], [0, 20, 3]],
    "4-0_44.jpg": [[6, 28, 0], [0, 8, 0], [0, 45, 0], [0, 38, 0], [0, 8, 0], [0, 50, 0], [0, 34, 0], [0, 8, 8]],
    "4-0_45.jpg": [[0, 40, 0], [2, 27, 0], [0, 41, 0], [0, 26, 8]],
    "4-0_46.jpg": [[0, 8, 0], [0, 50, 0], [9, 42, 8]],
    "4-0_47.jpg": [[3, 1, 0], [6, 10, 0], [0, 45, 0], [0, 32, 1], [0, 45, 0], [0, 24, 0], [0, 48, 0], [0, 37, 1], [0, 35, 4], [0, 34, 0], [0, 45, 0]],
    "4-0_48.jpg": [[0, 41, 0], [0, 45, 0]],
    "4-0_49.jpg": [[0, 15, 4], [0, 45, 0], [0, 24, 0], [0, 48, 0], [0, 26, 8], [0, 24, 0], [0, 35, 4]],
    "4-0_50.jpg": [[8, 32, 1], [9, 36, 0], [0, 48, 0]],
    "4-0_51.jpg": [[3, 1, 0], [0, 35, 4], [7, 32, 1], [2, 25, 0], [0, 50, 0], [9, 36, 8]],
    "4-0_52.jpg": [[0, 26, 12], [9, 36, 0], [0, 20, 1], [0, 45, 0], [0, 35, 14]],
    "4-0_53.jpg": [[0, 8, 0], [0, 22, 17], [0, 21, 1], [0, 45, 0], [0, 34, 0], [0, 32, 1]],
    "4-0_54.jpg": [[3, 1, 0], [0, 24, 0], [0, 35, 4]],
    "4-0_55.jpg": [[0, 40, 0], [0, 45, 0], [0, 8, 0], [0, 13, 5], [0, 14, 4], [0, 45, 0]],
    "4-0_56.jpg": [[0, 37, 1], [0, 19, 1]],
    "4-0_57.jpg": [[0, 10, 0], [0, 22, 4], [0, 26, 0], [0, 45, 0], [0, 37, 1], [0, 8, 8]],
    "4-0_58.jpg": [[0, 28, 0], [0, 49, 0], [0, 37, 1], [0, 49, 0], [0, 24, 8]],
    "4-0_59.jpg": [[8, 37, 1]],
    "4-0_60.jpg": [[3, 1, 0], [0, 24, 0], [0, 35, 4]],
    "4-0_61.jpg": [[0, 5, 9]],
    "4-0_62.jpg": [[0, 40, 12], [0, 34, 0], [9, 36, 8], [9, 36, 0], [0, 8, 0], [0, 32, 1]],
    "4-0_63.jpg": [[0, 40, 0], [0, 19, 1], [0, 41, 0], [0, 26, 8]],
    "4-0_64.jpg": [[3, 1, 0], [6, 10, 0], [0, 45, 0], [0, 32, 1], [0, 45, 0], [0, 24, 0], [0, 48, 0]],
    "4-0_65.jpg": [[0, 50, 0], [9, 36, 8], [0, 8, 0], [0, 32, 5]],
    "4-0_66.jpg": [[0, 8, 0], [0, 45, 0], [0, 35, 16], [0, 34, 0], [0, 45, 0], [9, 36, 0], [0, 50, 0], [0, 34, 8]],
    "4-0_67.jpg": [[0, 50, 0], [0, 10, 0], [0, 45, 0], [7, 26, 0], [0, 8, 0], [0, 35, 4]],
    "4-0_68.jpg": [[0, 24, 12], [8, 30, 1]],
    "4-0_69.jpg": [[0, 30, 1], [0, 37, 1], [0, 34, 0]],
    "5-0_00.jpg": [[1, 7, 0], [9, 36, 8], [9, 36, 13], [0, 32, 5]],
    "5-0_01.jpg": [[0, 8, 13], [0, 28, 0], [0, 34, 0], [0, 8, 8]],
    "5-0_02.jpg": [[1, 7, 0], [9, 36, 8], [9, 36, 0], [0, 45, 0]],
    "5-0_03.jpg": [[7, 40, 0], [0, 37, 1]],
    "5-0_04.jpg": [[0, 50, 0], [0, 40, 8], [0, 37, 1], [0, 8, 0], [0, 50, 0], [0, 34, 0], [0, 45, 8]],
    "5-0_05.jpg": [[9, 2, 0], [2, 25, 8], [0, 50, 0], [0, 11, 0], [0, 45, 8], [0, 39, 0], [0, 22, 4], [0, 34, 0], [0, 8, 0]],
    "5-0_06.jpg": [[3, 1, 0], [0, 45, 0], [7, 34, 0], [0, 35, 16], [0, 50, 0], [0, 37, 5], [2, 25, 0]],
    "5-0_07.jpg": [[0, 4, 1], [0, 47, 0], [0, 39, 0], [0, 20, 1]],
    "5-0_08.jpg": [[0, 41, 0], [0, 45, 0]],
    "5-0_09.jpg": [[9, 2, 0], [0, 28, 0], [0, 8, 0], [0, 35, 4], [0, 22, 4]],
    "5-0_10.jpg": [[0, 41, 12], [0, 12, 0], [0, 34, 0], [0, 19, 1]],
    "5-0_11.jpg": [[0, 28, 12], [9, 42, 12], [0, 34, 0], [0, 32, 5]],
    "5-0_12.jpg": [[9, 36, 0], [0, 30, 1], [0, 45, 0], [2, 25, 13], [0, 32, 1]],
    "5-0_13.jpg": [[0, 22, 4], [0, 34, 0]],
    "5-0_14.jpg": [[0, 37, 1], [0, 45, 0], [0, 35, 14], [0, 8, 0], [0, 34, 0]],
    "5-0_15.jpg": [[0, 37, 1], [0, 41, 0], [0, 45, 0]],
    "5-0_16.jpg": [[3, 1, 0], [7, 21, 1]],
    "5-0_17.jpg": [[0, 8, 0], [0, 35, 4], [0, 26, 0]],
    "5-0_18.jpg": [[0, 50, 0], [9, 36, 0], [0, 40, 0], [0, 24, 8]],
    "5-0_19.jpg": [[0, 15, 15], [0, 37, 1], [0, 26, 0]],
    "5-0_20.jpg": [[0, 37, 6], [0, 34, 0], [2, 25, 0], [0, 32, 1]],
    "5-0_21.jpg": [[3, 1, 0], [7, 21, 1]],
    "5-0_22.jpg": [[0, 8, 12], [0, 35, 14], [0, 32, 1]],
    "5-0_23.jpg": [[3, 1, 0], [0, 49, 0], [4, 24, 0], [0, 6, 3]],
    "5-0_24.jpg": [[1, 7, 0], [9, 36, 8], [9, 36, 13], [0, 32, 5]],
    "5-0_25.jpg": [[0, 8, 12], [0, 41, 12], [0, 28, 0], [0, 34, 0], [0, 8, 8]],
    "5-0_26.jpg": [[7, 32, 1], [9, 36, 8]],
    "5-0_27.jpg": [[0, 8, 0], [0, 35, 4]],
    "5-0_28.jpg": [[0, 10, 0], [0, 26, 0], [0, 32, 6], [0, 26, 8]],
    "5-0_29.jpg": [[0, 40, 0], [0, 32, 1], [0, 40, 8], [0, 19, 3]],
    "5-0_30.jpg": [[9, 36, 0], [0, 53, 0], [0, 8, 0], [0, 45, 0]],
    "5-0_31.jpg": [[0, 35, 4], [0, 15, 4], [0, 50, 0], [0, 34, 8]],
    "5-0_32.jpg": [[3, 1, 0], [0, 45, 0], [7, 34, 0], [0, 35, 16], [0, 50, 0], [0, 37, 5], [2, 25, 0]],
    "5-0_33.jpg": [[0, 50, 0], [0, 50, 0], [0, 37, 1], [2, 25, 0], [0, 48, 0]],
    "5-0_34.jpg": [[0, 26, 12], [9, 36, 0], [0, 20, 1], [0, 45, 0], [0, 35, 15], [0, 26, 8], [0, 50, 0], [0, 10, 8]],
    "5-0_35.jpg": [[0, 40, 0], [0, 53, 0], [0, 10, 0], [0, 32, 1], [0, 34, 0]],
    "5-0_36.jpg": [[0, 40, 0], [0, 32, 1], [0, 40, 8], [0, 37, 1]],
    "5-0_37.jpg": [[9, 36, 0], [0, 53, 0], [0, 8, 0], [0, 45, 0]],
    "5-0_38.jpg": [[0, 50, 0], [0, 41, 0], [2, 25, 0]],
    "5-0_39.jpg": [[0, 40, 0], [0, 53, 0], [0, 10, 0], [0, 32, 1], [0, 34, 0]],
    "5-0_40.jpg": [[0, 40, 0], [0, 32, 1], [0, 40, 8], [0, 19, 3]],
    "5-0_41.jpg": [[9, 36, 0], [0, 53, 0], [0, 8, 0], [0, 45, 0]],
    "5-0_42.jpg": [[3, 1, 0], [0, 45, 0], [7, 34, 0], [0, 35, 16], [0, 50, 0], [0, 37, 5], [2, 25, 0]],
    "5-0_43.jpg": [[7, 40, 0], [0, 37, 1]],
    "5-0_44.jpg": [[0, 50, 0], [0, 40, 8], [0, 37, 1], [0, 45, 0]],
    "5-0_45.jpg": [[0, 40, 0], [0, 53, 0], [0, 10, 0], [0, 32, 1], [0, 34, 0]],
    "5-0_46.jpg": [[0, 41, 0], [0, 45, 0]],
    "5-0_47.jpg": [[3, 1, 0], [0, 45, 0], [7, 34, 0], [0, 35, 16], [0, 50, 0], [0, 37, 5], [2, 25, 0]],
    "5-0_48.jpg": [[0, 37, 1], [0, 46, 0], [0, 24, 8], [0, 24, 12], [0, 34, 0]],
    "5-0_49.jpg": [[0, 40, 0], [0, 53, 0], [0, 37, 6], [0, 20, 1], [0, 45, 0], [0, 26, 0]],
    "5-0_50.jpg": [[0, 5, 3], [0, 21, 1], [7, 32, 1], [4, 24, 0], [0, 37, 1]],
    "5-0_51.jpg": [[0, 40, 0], [0, 53, 0], [0, 37, 6], [0, 20, 1], [0, 45, 0], [0, 26, 0], [0, 34, 0]],
    "5-0_52.jpg": [[0, 8, 0], [0, 35, 4], [0, 26, 0]],
    "5-0_53.jpg": [[9, 36, 0], [2, 25, 0]],
    "5-0_54.jpg": [[9, 2, 0], [2, 25, 8], [0, 50, 0], [0, 11, 0], [0, 45, 8], [0, 39, 0], [0, 22, 4], [0, 34, 0], [0, 8, 8]],
    "5-0_55.jpg": [[3, 1, 0], [2, 25, 0], [0, 0, 18], [0, 0, 18], [0, 0, 18], [0, 0, 18]],
    "5-0_56.jpg": [[0, 35, 4], [0, 45, 0], [0, 15, 4], [0, 10, 12], [0, 35, 14], [0, 34, 0]],
    "5-0_57.jpg": [[0, 50, 0], [2, 25, 8], [0, 38, 13], [0, 34, 0]],
    "5-0_58.jpg": [[0, 50, 0], [0, 50, 0], [0, 37, 1], [2, 25, 0], [0, 48, 0]],
    "5-0_59.jpg": [[3, 1, 0], [0, 32, 1], [0, 45, 0], [0, 24, 0], [0, 48, 0], [0, 53, 0], [0, 38, 0], [0, 34, 0]],
    "5-0_60.jpg": [[1, 7, 0], [2, 25, 12], [0, 35, 14], [0, 28, 12], [0, 19, 1]],
    "5-0_61.jpg": [[0, 28, 0], [0, 49, 0], [0, 37, 1], [0, 49, 0], [0, 24, 8], [0, 50, 0], [0, 37, 5]],
    "7-0_00.jpg": [[0, 31, 0], [0, 46, 0], [0, 35, 2]],
    "7-0_01.jpg": [[0, 30, 1], [0, 49, 0], [0, 53, 0], [4, 8, 0], [0, 37, 1]],
    "7-0_02.jpg": [[0, 40, 0], [0, 41, 0]],
    "7-0_03.jpg": [[0, 40, 12], [0, 35, 4], [0, 40, 0]],
    "7-0_04.jpg": [[0, 26, 12], [7, 37, 1], [0, 40, 8]],
    "7-0_05.jpg": [[2, 25, 13], [0, 28, 0]],
    "7-0_06.jpg": [[0, 37, 1], [0, 48, 0], [0, 45, 0], [0, 28, 8], [0, 24, 0], [0, 37, 1]],
    "7-0_07.jpg": [[0, 28, 0], [0, 37, 1], [0, 24, 8], [0, 37, 1], [0, 26, 0]],
    "7-0_08.jpg": [[0, 38, 8], [0, 35, 15]],
    "7-0_09.jpg": [[9, 36, 0], [0, 53, 0], [0, 8, 0], [0, 45, 0]],
    "7-0_10.jpg": [[0, 37, 1], [0, 26, 12], [0, 24, 0], [0, 45, 0], [0, 31, 12], [0, 32, 1], [0, 45, 0], [0, 26, 0]],
    "7-0_11.jpg": [[0, 8, 0], [0, 45, 0], [0, 26, 8], [0, 24, 0], [0, 45, 0]],
    "7-0_12.jpg": [[2, 25, 12], [0, 26, 0]],
    "7-0_13.jpg": [[0, 37, 1], [0, 49, 0], [0, 21, 1], [7, 32, 1], [0, 6, 3], [0, 37, 1]],
    "7-0_14.jpg": [[0, 40, 0], [0, 41, 0]],
    "7-0_15.jpg": [[0, 8, 0], [0, 45, 0], [0, 26, 8], [0, 24, 0], [0, 45, 0], [0, 37, 1], [0, 26, 8]],
    "7-0_16.jpg": [[3, 1, 0], [0, 49, 0], [0, 12, 0], [0, 34, 12], [0, 50, 0], [0, 32, 5]],
    "7-0_17.jpg": [[0, 28, 0], [9, 42, 0], [7, 32, 1]],
    "7-0_18.jpg": [[3, 1, 0], [0, 23, 1], [0, 41, 0], [0, 49, 0], [0, 35, 4], [0, 34, 0]],
    "7-0_19.jpg": [[0, 8, 0], [0, 26, 8], [2, 25, 0]],
    "7-0_20.jpg": [[9, 2, 0], [0, 21, 1], [0, 35, 4], [0, 19, 6], [0, 26, 8]],
    "7-0_21.jpg": [[0, 5, 3], [0, 26, 0], [0, 32, 5], [9, 36, 0]],
    "7-0_22.jpg": [[0, 32, 1], [0, 20, 1], [0, 48, 0], [0, 32, 1]],
    "7-0_23.jpg": [[0, 28, 0], [9, 42, 0], [0, 45, 0], [0, 50, 0], [0, 24, 0], [0, 26, 8]],
    "7-0_24.jpg": [[3, 1, 0], [0, 24, 12], [0, 40, 0], [0, 45, 0], [0, 35, 16], [0, 19, 3], [0, 8, 0], [0, 37, 1]],
    "7-0_25.jpg": [[0, 40, 0], [0, 49, 0], [0, 28, 8], [0, 24, 0], [0, 49, 0], [0, 32, 5], [0, 30, 1], [0, 35, 16]],
    "7-0_26.jpg": [[0, 32, 1], [0, 40, 0]],
    "7-0_27.jpg": [[3, 1, 0], [0, 49, 0], [0, 35, 4], [7, 33, 1], [7, 22, 4]],
    "7-0_28.jpg": [[3, 1, 0], [0, 24, 0], [0, 35, 4]],
    "7-0_29.jpg": [[0, 35, 4], [0, 50, 0], [0, 19, 5]],
    "7-0_30.jpg": [[0, 28, 0], [0, 37, 1], [0, 24, 12], [0, 26, 0]],
    "7-0_31.jpg": [[0, 16, 1], [0, 21, 3], [0, 39, 0], [0, 46, 0], [0, 0, 18], [0, 0, 18], [0, 0, 18]],
    "7-0_32.jpg": [[0, 50, 0], [0, 35, 4], [0, 45, 8], [0, 10, 0]],
    "7-0_33.jpg": [[0, 37, 1], [0, 48, 0], [0, 45, 0], [0, 28, 8], [0, 24, 12], [0, 34, 0]],
    "7-0_34.jpg": [[0, 41, 0], [7, 32, 1], [0, 50, 0], [0, 37, 5]],
    "7-0_35.jpg": [[7, 37, 1], [0, 37, 1], [0, 24, 8]],
    "7-0_36.jpg": [[0, 50, 0], [0, 40, 0], [0, 47, 0], [0, 9, 1], [0, 48, 0], [0, 45, 0], [0, 35, 4], [0, 8, 8], [0, 39, 12], [0, 24, 0], [0, 37, 1]],
    "7-0_37.jpg": [[0, 40, 0], [0, 41, 0]],
    "7-0_38.jpg": [[0, 35, 4], [0, 15, 4], [0, 50, 0], [0, 34, 8]],
    "7-0_39.jpg": [[9, 2, 0], [0, 28, 0], [0, 50, 0], [2, 25, 0], [0, 40, 8], [0, 37, 1], [9, 36, 0], [0, 19, 1]],
    "7-0_40.jpg": [[3, 1, 0], [7, 26, 0], [4, 8, 0], [9, 36, 0], [0, 37, 1]],
    "7-0_41.jpg": [[0, 50, 0], [0, 32, 1], [0, 26, 8], [0, 32, 1]],
    "7-0_42.jpg": [[0, 26, 0], [0, 37, 7], [0, 26, 0]],
    "7-0_43.jpg": [[0, 20, 1], [0, 20, 1], [0, 29, 3]],
    "7-0_44.jpg": [[0, 24, 0], [0, 45, 0], [0, 8, 8], [0, 39, 0], [0, 22, 4], [0, 34, 0]],
    "7-0_45.jpg": [[9, 2, 0], [0, 28, 0], [0, 50, 0], [0, 34, 0], [0, 45, 8], [0, 10, 13]],
    "7-0_46.jpg": [[0, 8, 0], [0, 35, 4], [0, 10, 0], [0, 26, 12], [0, 32, 6], [0, 26, 8]],
    "7-0_47.jpg": [[0, 28, 0], [9, 42, 0], [0, 45, 0], [0, 24, 8]],
    "7-0_48.jpg": [[0, 32, 1], [0, 19, 5], [0, 19, 1], [0, 50, 0], [0, 32, 5]],
    "7-0_49.jpg": [[3, 1, 0], [0, 49, 0], [0, 12, 0], [0, 34, 12], [0, 50, 0], [0, 32, 5]],
    "7-0_50.jpg": [[6, 8, 12], [0, 8, 0], [0, 34, 0], [0, 45, 0], [0, 37, 1], [9, 36, 12], [0, 34, 0]],
    "7-0_51.jpg": [[0, 26, 12], [0, 40, 12]],
    "7-0_52.jpg": [[0, 28, 0], [0, 35, 14], [2, 25, 12]],
    "7-0_53.jpg": [[0, 40, 12], [7, 25, 0]],
    "7-0_54.jpg": [[0, 8, 12], [0, 35, 15], [0, 32, 1], [0, 19, 1]],
    "7-0_55.jpg": [[3, 1, 0], [0, 28, 0], [0, 19, 1]],
    "7-0_56.jpg": [[0, 41, 0], [0, 49, 0], [0, 8, 12], [0, 34, 0], [0, 45, 0], [0, 37, 1]],
    "7-0_57.jpg": [[9, 36, 0], [0, 49, 0], [0, 30, 6], [0, 22, 14]],
    "7-0_58.jpg": [[0, 8, 0], [0, 45, 0], [9, 36, 13], [0, 26, 0], [0, 37, 1]],
    "7-0_59.jpg": [[0, 40, 12], [7, 25, 0], [8, 37, 1]],
    "7-0_60.jpg": [[0, 16, 1], [0, 21, 3], [0, 39, 0], [0, 46, 0], [0, 0, 18], [0, 0, 18], [0, 0, 18]],
    "7-0_61.jpg": [[0, 37, 1], [0, 48, 0], [0, 45, 0], [0, 28, 8], [0, 24, 12], [0, 34, 0]],
    "7-0_62.jpg": [[4, 24, 0], [9, 36, 12], [0, 26, 8]],
    "7-0_63.jpg": [[9, 36, 0], [0, 49, 0], [7, 30, 1], [7, 22, 4]],
    "7-0_64.jpg": [[2, 25, 0], [0, 35, 4], [0, 49, 0], [7, 22, 4]],
    "7-0_65.jpg": [[3, 1, 0], [0, 24, 8], [2, 25, 0], [0, 49, 0], [0, 8, 13], [0, 32, 5], [0, 37, 1], [9, 36, 0], [0, 19, 1]],
    "7-0_66.jpg": [[3, 1, 0], [7, 26, 0], [0, 37, 1]],
    "7-0_67.jpg": [[0, 50, 0], [0, 28, 0], [0, 26, 8], [7, 26, 0], [0, 32, 5]],
    "7-0_68.jpg": [[0, 50, 0], [0, 8, 0], [0, 50, 0], [0, 35, 4], [0, 26, 8], [0, 50, 0], [0, 26, 8], [2, 25, 0]],
    "7-0_69.jpg": [[0, 8, 0], [0, 45, 0], [0, 26, 8], [0, 24, 0], [0, 45, 0], [0, 37, 1], [0, 50, 0], [0, 10, 8]],
    "7-0_70.jpg": [[3, 1, 0], [0, 45, 0], [0, 35, 16], [0, 19, 10], [0, 8, 0]],
    "7-0_71.jpg": [[2, 25, 0], [0, 45, 0], [0, 34, 0], [0, 8, 0], [0, 24, 8], [0, 37, 1], [0, 34, 0]],
    "7-0_72.jpg": [[0, 35, 4], [0, 19, 1]],
    "7-0_73.jpg": [[0, 50, 0], [0, 28, 0], [0, 45, 8], [0, 39, 0], [0, 22, 4], [0, 34, 0]],
    "7-0_74.jpg": [[0, 8, 12], [0, 35, 15], [0, 32, 1], [0, 19, 1]],
    "7-0_75.jpg": [[0, 37, 1], [0, 49, 0], [0, 21, 6]],
    "7-0_76.jpg": [[0, 37, 1], [0, 49, 0], [0, 21, 6], [0, 50, 0], [0, 34, 0], [0, 26, 8]],
    "7-0_77.jpg": [[3, 1, 0], [0, 24, 0], [0, 48, 0], [0, 45, 0], [0, 37, 1], [0, 38, 0], [0, 48, 0]],
    "7-0_78.jpg": [[0, 30, 1], [0, 37, 1], [0, 34, 12]],
    "9-0_00.jpg": [[0, 5, 3], [0, 37, 1], [0, 8, 0], [0, 19, 1]],
    "9-0_01.jpg": [[9, 36, 0], [0, 53, 0], [0, 8, 0], [0, 45, 0], [0, 50, 0], [0, 37, 5]],
    "9-0_02.jpg": [[0, 50, 0], [0, 28, 0], [0, 45, 0], [7, 25, 0], [0, 50, 0], [0, 37, 5]],
    "9-0_03.jpg": [[0, 28, 0], [0, 45, 0], [9, 36, 0], [0, 26, 0], [0, 34, 0], [0, 19, 1]],
    "9-0_04.jpg": [[3, 1, 0], [2, 25, 0], [0, 45, 0], [9, 42, 0]],
    "9-0_05.jpg": [[0, 24, 0], [0, 24, 8], [0, 37, 1], [0, 34, 0], [0, 24, 8]],
    "9-0_06.jpg": [[0, 40, 0], [0, 45, 0], [7, 20, 1]],
    "9-0_07.jpg": [[4, 10, 0], [0, 22, 4], [0, 34, 0], [0, 24, 8]],
    "9-0_08.jpg": [[0, 26, 13], [0, 24, 12], [0, 32, 1], [0, 34, 0]],
    "9-0_09.jpg": [[6, 8, 12], [0, 34, 0], [0, 45, 0]],
    "9-0_10.jpg": [[0, 28, 12], [9, 42, 12], [0, 50, 0], [0, 37, 1], [0, 24, 0], [0, 8, 8]],
    "9-0_11.jpg": [[3, 1, 0], [2, 25, 0], [0, 19, 1]],
    "9-0_12.jpg": [[0, 37, 1], [0, 21, 1], [0, 45, 0]],
    "9-0_13.jpg": [[0, 50, 0], [0, 41, 0], [0, 45, 0], [2, 27, 12], [0, 26, 8]],
    "9-0_14.jpg": [[0, 28, 0], [0, 49, 0], [0, 37, 1], [0, 24, 12]],
    "9-0_15.jpg": [[0, 30, 1], [0, 37, 1]],
    "9-0_16.jpg": [[0, 50, 0], [0, 28, 0], [0, 45, 0], [7, 25, 0], [0, 50, 0], [0, 37, 5]],
    "9-0_17.jpg": [[0, 28, 12], [9, 36, 12], [0, 41, 0], [0, 34, 0], [0, 26, 8]],
    "9-0_18.jpg": [[0, 50, 0], [0, 32, 1], [0, 8, 13]],
    "9-0_19.jpg": [[7, 34, 0], [0, 8, 8], [0, 24, 12]],
    "9-0_20.jpg": [[0, 40, 0], [0, 41, 0], [0, 10, 0], [0, 24, 0]],
    "9-0_21.jpg": [[0, 37, 6], [0, 38, 8], [0, 37, 1], [0, 45, 0], [0, 40, 0], [0, 34, 0]],
    "9-0_22.jpg": [[0, 38, 0], [0, 8, 8], [0, 24, 12], [0, 32, 1], [0, 24, 8]],
    "9-0_23.jpg": [[0, 8, 0], [0, 35, 4], [0, 32, 6], [0, 26, 8]],
    "9-0_24.jpg": [[0, 24, 13], [0, 26, 8], [7, 25, 0]],
    "9-0_25.jpg": [[0, 8, 12], [0, 35, 15], [0, 32, 1]],
    "9-0_26.jpg": [[0, 8, 0], [0, 35, 4], [7, 26, 0]],
    "9-0_27.jpg": [[9, 36, 0], [0, 49, 0], [7, 30, 1], [0, 50, 0], [0, 37, 5]],
    "9-0_28.jpg": [[0, 50, 0], [6, 38, 8], [0, 39, 8], [0, 20, 3], [0, 45, 0], [0, 20, 6], [0, 8, 0], [0, 35, 4], [0, 22, 4], [0, 50, 0], [0, 34, 0], [0, 26, 8]],
    "9-0_29.jpg": [[3, 1, 0], [0, 28, 0], [0, 35, 4], [0, 45, 0], [0, 20, 1]],
    "9-0_30.jpg": [[3, 1, 0], [0, 31, 12], [0, 34, 0], [0, 45, 0], [0, 13, 1], [0, 26, 0], [0, 45, 0], [0, 20, 6], [0, 8, 0], [0, 35, 4], [0, 22, 4], [0, 50, 0], [0, 34, 0], [0, 26, 12]],
    "9-0_31.jpg": [[3, 1, 0], [0, 28, 0], [0, 35, 4], [0, 45, 0], [0, 20, 1]],
    "9-0_32.jpg": [[3, 1, 0], [0, 31, 12], [0, 34, 0], [0, 45, 0], [0, 13, 1], [0, 26, 0], [0, 45, 0], [0, 20, 6], [0, 8, 0], [0, 35, 4], [0, 22, 4], [0, 50, 0], [0, 34, 0], [0, 26, 8]],
    "9-0_33.jpg": [[0, 24, 13], [0, 26, 8], [7, 25, 0], [0, 37, 1]],
    "9-0_34.jpg": [[0, 24, 0], [0, 41, 0], [7, 37, 1], [0, 35, 4], [0, 49, 0]],
    "9-0_35.jpg": [[0, 8, 0], [0, 35, 4], [7, 26, 0]],
    "9-0_36.jpg": [[9, 36, 0], [0, 49, 0], [7, 30, 1], [0, 50, 0], [0, 37, 5], [0, 34, 0]],
    "9-0_37.jpg": [[0, 5, 3], [0, 32, 1]],
    "9-0_38.jpg": [[0, 24, 13], [0, 26, 8], [7, 25, 0], [0, 37, 1]],
    "9-0_39.jpg": [[9, 36, 0], [0, 26, 8], [0, 21, 1], [0, 26, 0], [0, 50, 0], [0, 34, 8]],
    "9-0_40.jpg": [[6, 28, 12], [0, 37, 5]],
    "9-0_41.jpg": [[0, 8, 0], [7, 37, 1], [0, 26, 8], [0, 40, 12], [9, 36, 0], [0, 50, 0], [0, 34, 0], [0, 26, 8]],
    "9-0_42.jpg": [[0, 28, 12], [9, 36, 12], [0, 10, 0], [7, 26, 0]],
    "9-0_43.jpg": [[9, 36, 0], [0, 49, 0], [7, 30, 1], [0, 50, 0], [0, 37, 5], [0, 34, 0]],
    "9-0_44.jpg": [[0, 5, 3], [0, 32, 1]],
    "9-0_45.jpg": [[0, 26, 12], [0, 40, 0], [0, 45, 0]],
    "9-0_46.jpg": [[7, 34, 0], [0, 8, 8], [0, 24, 12], [0, 34, 0]],
    "9-0_47.jpg": [[1, 7, 0], [7, 19, 1], [0, 8, 0], [0, 35, 4], [0, 26, 0]],
    "9-0_48.jpg": [[9, 36, 0], [2, 25, 8], [0, 50, 0], [2, 25, 8]],
    "9-0_49.jpg": [[0, 37, 1], [0, 45, 0], [0, 40, 8], [0, 24, 0], [0, 37, 6], [0, 8, 0], [0, 37, 1]],
    "9-0_50.jpg": [[0, 40, 0], [0, 41, 0]],
    "9-0_51.jpg": [[3, 1, 0], [0, 28, 0], [0, 8, 8], [0, 39, 0], [0, 28, 0], [0, 45, 0], [0, 24, 13]],
    "9-0_52.jpg": [[0, 50, 0], [9, 36, 0], [0, 40, 0]],
    "9-0_53.jpg": [[0, 34, 0], [0, 26, 0]],
    "9-0_54.jpg": [[0, 32, 1], [0, 24, 0], [0, 34, 0]],
    "9-0_55.jpg": [[6, 28, 0], [7, 32, 1], [0, 9, 1]],
    "9-0_56.jpg": [[0, 50, 0], [9, 36, 0], [0, 40, 0]],
    "9-0_57.jpg": [[0, 35, 4], [0, 49, 0], [2, 27, 13]],
    "9-0_58.jpg": [[0, 28, 0], [0, 49, 0], [0, 37, 1], [4, 24, 0], [0, 50, 0], [0, 22, 17], [0, 34, 0]],
    "9-0_59.jpg": [[0, 26, 0], [7, 21, 1]],
    "9-0_60.jpg": [[0, 8, 0], [0, 19, 1], [7, 34, 0], [4, 24, 0]],
    "9-0_61.jpg": [[0, 28, 0], [0, 37, 1], [0, 24, 8], [0, 37, 1], [0, 45, 0], [0, 50, 0], [0, 10, 0], [0, 26, 0]],
    "9-0_62.jpg": [[0, 34, 0], [0, 51, 0], [0, 32, 1], [0, 19, 1]],
    "9-0_63.jpg": [[3, 1, 0], [2, 25, 0], [0, 45, 0], [9, 42, 0]],
    "9-0_64.jpg": [[3, 1, 0], [0, 49, 0], [0, 24, 0], [0, 49, 0], [0, 32, 5]],
    "9-0_65.jpg": [[0, 8, 0], [0, 45, 0], [0, 35, 4], [0, 22, 4], [0, 45, 0]],
    "9-0_66.jpg": [[0, 40, 0], [0, 32, 5], [0, 30, 1], [0, 26, 8], [0, 20, 1], [0, 50, 0], [0, 34, 0], [0, 26, 8]],
    "9-0_67.jpg": [[0, 5, 3], [0, 8, 13]],
    "9-0_68.jpg": [[0, 11, 0], [0, 45, 0], [0, 24, 0], [0, 26, 0]],
    "9-0_69.jpg": [[0, 50, 0], [0, 13, 1], [0, 45, 8], [2, 25, 0], [0, 26, 0], [0, 45, 0], [0, 37, 1], [0, 26, 8], [0, 50, 0], [0, 10, 8]],
    "9-0_70.jpg": [[0, 37, 1], [0, 35, 4], [2, 25, 0], [0, 8, 0], [0, 45, 0], [0, 35, 14], [0, 24, 8], [0, 37, 1], [0, 34, 0], [0, 19, 1]],
    "9-0_71.jpg": [[3, 1, 0], [2, 25, 0], [0, 45, 0], [9, 42, 0], [0, 37, 1]],
    "9-0_72.jpg": [[6, 28, 0], [0, 38, 8], [0, 26, 0]],
    "9-0_73.jpg": [[0, 10, 0], [0, 49, 0], [0, 26, 0]],
    "9-0_74.jpg": [[0, 26, 0], [0, 49, 0], [0, 10, 12], [0, 22, 14]],
    "9-1_00.jpg": [[0, 5, 3], [0, 37, 1], [0, 8, 0], [0, 19, 1]],
    "9-1_01.jpg": [[9, 36, 0], [0, 53, 0], [0, 8, 0], [0, 45, 0], [0, 50, 0], [0, 37, 5]],
    "9-1_02.jpg": [[0, 50, 0], [0, 28, 0], [0, 45, 0], [7, 25, 0], [0, 50, 0], [0, 37, 5]],
    "9-1_03.jpg": [[0, 28, 0], [0, 45, 0], [9, 36, 0], [0, 26, 0], [0, 34, 0], [0, 19, 1]],
    "9-1_04.jpg": [[3, 1, 0], [2, 25, 0], [0, 45, 0], [9, 42, 0]],
    "9-1_05.jpg": [[0, 24, 0], [0, 24, 8], [0, 24, 8], [0, 37, 1], [0, 34, 0], [0, 24, 8]],
    "9-1_06.jpg": [[0, 40, 0], [0, 45, 0], [7, 20, 1]],
    "9-1_07.jpg": [[4, 10, 0], [0, 22, 4], [0, 34, 0], [0, 24, 8]],
    "9-1_08.jpg": [[0, 26, 13], [0, 24, 12], [0, 32, 1], [0, 34, 0]],
    "9-1_09.jpg": [[6, 8, 12], [0, 34, 0], [0, 45, 0]],
    "9-1_10.jpg": [[0, 28, 12], [9, 42, 12], [0, 50, 0], [0, 37, 1], [0, 24, 0], [0, 8, 8]],
    "9-1_11.jpg": [[3, 1, 0], [2, 25, 0], [0, 19, 1]],
    "9-1_12.jpg": [[0, 37, 1], [0, 21, 1], [0, 45, 0]],
    "9-1_13.jpg": [[0, 50, 0], [0, 41, 0], [0, 45, 0], [2, 27, 12], [0, 26, 8]],
    "9-1_14.jpg": [[0, 28, 0], [0, 49, 0], [0, 37, 1], [0, 24, 12]],
    "9-1_15.jpg": [[0, 30, 1], [0, 37, 1]],
    "9-1_16.jpg": [[0, 50, 0], [0, 28, 0], [0, 45, 0], [7, 25, 0], [0, 50, 0], [0, 37, 5]],
    "9-1_17.jpg": [[0, 28, 12], [9, 42, 12], [0, 10, 0], [0, 49, 0], [0, 50, 0], [0, 26, 8]],
    "9-1_18.jpg": [[0, 50, 0], [0, 32, 1], [0, 8, 13]],
    "9-1_19.jpg": [[7, 34, 0], [0, 8, 8], [0, 24, 12]],
    "9-1_20.jpg": [[0, 40, 0], [0, 41, 0], [0, 10, 0], [0, 24, 0]],
    "9-1_21.jpg": [[0, 37, 6], [0, 38, 8], [0, 37, 1], [0, 45, 0], [0, 40, 0], [0, 34, 0]],
    "9-1_22.jpg": [[0, 38, 0], [0, 8, 8], [0, 24, 12], [0, 32, 1], [0, 24, 8]],
    "9-1_23.jpg": [[0, 8, 0], [0, 35, 4], [0, 32, 6], [0, 26, 8]],
    "9-1_24.jpg": [[0, 24, 13], [0, 26, 8], [7, 25, 0]],
    "9-1_25.jpg": [[0, 8, 12], [0, 35, 15], [0, 32, 1]],
    "9-1_26.jpg": [[0, 8, 0], [0, 35, 4], [7, 26, 0]],
    "9-1_27.jpg": [[9, 36, 0], [0, 49, 0], [7, 30, 1], [0, 50, 0], [0, 37, 5]],
    "9-1_28.jpg": [[0, 50, 0], [6, 38, 8], [0, 39, 8], [0, 20, 3], [0, 45, 0], [0, 20, 6], [0, 8, 0], [0, 35, 4], [0, 22, 4], [0, 50, 0], [0, 34, 0], [0, 26, 8]],
    "9-1_29.jpg": [[3, 1, 0], [0, 28, 0], [0, 35, 4], [0, 45, 0], [0, 20, 1]],
    "9-1_30.jpg": [[3, 1, 0], [0, 31, 12], [0, 34, 0], [0, 45, 0], [0, 13, 1], [0, 26, 0], [0, 45, 0], [0, 20, 6], [0, 8, 0], [0, 35, 4], [0, 22, 4], [0, 50, 0], [0, 34, 0], [0, 26, 12]],
    "9-1_31.jpg": [[3, 1, 0], [0, 28, 0], [0, 35, 4], [0, 45, 0], [0, 20, 1]],
    "9-1_32.jpg": [[3, 1, 0], [0, 31, 12], [0, 34, 0], [0, 45, 0], [0, 13, 1], [0, 26, 0], [0, 45, 0], [0, 20, 6], [0, 8, 0], [0, 35, 4], [0, 22, 4], [0, 50, 0], [0, 34, 0], [0, 26, 8]],
    "9-1_33.jpg": [[0, 24, 13], [0, 26, 8], [7, 25, 0], [0, 37, 1]],
    "9-1_34.jpg": [[0, 24, 0], [0, 41, 0], [7, 37, 1], [0, 35, 4], [0, 49, 0]],
    "9-1_35.jpg": [[0, 8, 0], [0, 35, 4], [7, 26, 0]],
    "9-1_36.jpg": [[9, 36, 0], [0, 49, 0], [7, 30, 1], [0, 50, 0], [0, 37, 5], [0, 34, 0]],
    "9-1_37.jpg": [[0, 5, 3], [0, 32, 1]],
    "9-1_38.jpg": [[0, 24, 13], [0, 26, 8], [7, 25, 0], [0, 37, 1]],
    "9-1_39.jpg": [[9, 36, 0], [0, 26, 8], [0, 21, 1], [0, 26, 0], [0, 50, 0], [0, 34, 8]],
    "9-1_40.jpg": [[6, 28, 12], [0, 37, 5]],
    "9-1_41.jpg": [[0, 8, 0], [7, 37, 1], [0, 26, 8], [0, 40, 12], [9, 36, 0], [0, 50, 0], [0, 34, 0], [0, 26, 8]],
    "9-1_42.jpg": [[0, 28, 12], [9, 42, 12], [0, 10, 0], [7, 26, 0]],
    "9-1_43.jpg": [[9, 36, 0], [0, 49, 0], [7, 30, 1], [0, 50, 0], [0, 37, 5], [0, 34, 0]],
    "9-1_44.jpg": [[0, 5, 3], [0, 32, 1]],
    "9-1_45.jpg": [[0, 26, 12], [0, 40, 0], [0, 45, 0]],
    "9-1_46.jpg": [[7, 34, 0], [0, 8, 8], [0, 24, 12], [0, 34, 0]],
    "9-1_47.jpg": [[1, 7, 0], [7, 19, 1]],
    "9-1_48.jpg": [[0, 8, 0], [0, 35, 4], [0, 26, 0]],
    "9-1_49.jpg": [[9, 36, 0], [2, 25, 8], [0, 50, 0], [2, 25, 8]],
    "9-1_50.jpg": [[0, 37, 1], [0, 45, 0], [0, 40, 8], [0, 24, 0], [0, 37, 6], [0, 8, 0], [0, 37, 1]],
    "9-1_51.jpg": [[0, 40, 0], [0, 41, 0]],
    "9-1_52.jpg": [[3, 1, 0], [0, 28, 0], [0, 8, 8], [0, 39, 0], [0, 28, 0], [0, 45, 0], [0, 24, 13]],
    "9-1_53.jpg": [[0, 50, 0], [9, 36, 0], [0, 40, 0]],
    "9-1_54.jpg": [[0, 34, 0], [0, 26, 0]],
    "9-1_55.jpg": [[0, 32, 1], [0, 24, 0], [0, 34, 0]],
    "9-1_56.jpg": [[6, 28, 0], [7, 32, 1], [0, 9, 1]],
    "9-1_57.jpg": [[0, 50, 0], [9, 36, 0], [0, 40, 0]],
    "9-1_58.jpg": [[0, 35, 4], [0, 49, 0], [2, 27, 13]],
    "9-1_59.jpg": [[0, 28, 0], [0, 49, 0], [0, 37, 1], [4, 24, 0], [0, 50, 0], [0, 22, 17], [0, 34, 0]],
    "9-1_60.jpg": [[0, 26, 0], [7, 21, 1]],
    "9-1_61.jpg": [[0, 8, 0], [0, 19, 1], [7, 34, 0], [4, 24, 0]],
    "9-1_62.jpg": [[0, 28, 0], [0, 37, 1], [0, 24, 8], [0, 37, 1], [0, 45, 0], [0, 50, 0], [0, 10, 0], [0, 26, 0]],
    "9-1_63.jpg": [[0, 34, 0], [0, 51, 0], [0, 32, 1], [0, 19, 1]],
    "9-1_64.jpg": [[3, 1, 0], [2, 25, 0], [0, 45, 0], [9, 42, 0]],
    "9-1_65.jpg": [[3, 1, 0], [0, 49, 0], [0, 24, 0], [0, 49, 0], [0, 32, 5]],
    "9-1_66.jpg": [[0, 8, 0], [0, 45, 0], [0, 35, 4], [0, 22, 4], [0, 45, 0]],
    "9-1_67.jpg": [[0, 40, 0], [0, 32, 5], [0, 30, 1], [0, 26, 8], [0, 20, 1], [0, 50, 0], [0, 34, 0], [0, 26, 8]],
    "9-1_68.jpg": [[0, 5, 3], [0, 8, 13]],
    "9-1_69.jpg": [[0, 11, 0], [0, 45, 0], [0, 24, 0], [0, 26, 0]],
    "9-1_70.jpg": [[0, 50, 0], [0, 13, 1], [0, 45, 8], [2, 25, 0], [0, 26, 0], [0, 45, 0], [0, 37, 1], [0, 26, 8], [0, 50, 0], [0, 10, 8]],
    "9-1_71.jpg": [[0, 37, 1], [0, 35, 4], [2, 25, 0], [0, 8, 0], [0, 45, 0], [0, 35, 14], [0, 24, 8], [0, 37, 1], [0, 34, 0], [0, 19, 1]],
    "9-1_72.jpg": [[3, 1, 0], [2, 25, 0], [0, 45, 0], [9, 42, 0], [0, 37, 1]],
    "9-1_73.jpg": [[6, 28, 0], [0, 38, 8], [0, 26, 0]],
    "9-1_74.jpg": [[0, 10, 0], [0, 49, 0], [0, 26, 0]],
    "9-1_75.jpg": [[0, 26, 0], [0, 49, 0], [0, 10, 12], [0, 22, 14]],
    "9-2_00.jpg": [[0, 5, 3], [0, 37, 1], [0, 8, 0], [0, 19, 1]],
    "9-2_01.jpg": [[9, 36, 0], [0, 53, 0], [0, 8, 0], [0, 45, 0], [0, 50, 0], [0, 37, 5]],
    "9-2_02.jpg": [[0, 50, 0], [0, 28, 0], [0, 45, 0], [7, 25, 0], [0, 50, 0], [0, 37, 5]],
    "9-2_03.jpg": [[0, 28, 0], [0, 45, 0], [9, 36, 0], [0, 26, 0], [0, 34, 0], [0, 19, 1]],
    "9-2_04.jpg": [[3, 1, 0], [2, 25, 0], [9, 42, 0]],
    "9-2_05.jpg": [[0, 24, 0], [0, 24, 8], [0, 37, 1], [0, 34, 0], [0, 24, 8]],
    "9-2_06.jpg": [[0, 40, 0], [0, 45, 0], [7, 20, 1]],
    "9-2_07.jpg": [[4, 10, 0], [0, 22, 4], [0, 34, 0], [0, 24, 8]],
    "9-2_08.jpg": [[0, 26, 13], [0, 24, 12], [0, 32, 1], [0, 34, 0]],
    "9-2_09.jpg": [[6, 8, 12], [0, 34, 0], [0, 45, 0]],
    "9-2_10.jpg": [[0, 28, 12], [9, 42, 12], [0, 50, 0], [0, 37, 1], [0, 24, 0], [0, 8, 8]],
    "9-2_11.jpg": [[3, 1, 0], [2, 25, 0], [0, 19, 1]],
    "9-2_12.jpg": [[0, 37, 1], [0, 21, 1], [0, 45, 0]],
    "9-2_13.jpg": [[0, 50, 0], [0, 41, 0], [0, 45, 0], [2, 27, 12], [0, 26, 8]],
    "9-2_14.jpg": [[0, 28, 0], [0, 49, 0], [0, 37, 1], [0, 24, 12]],
    "9-2_15.jpg": [[0, 30, 1], [0, 37, 1]],
    "9-2_16.jpg": [[0, 50, 0], [0, 28, 0], [0, 45, 0], [7, 25, 0], [0, 50, 0], [0, 37, 5]],
    "9-2_17.jpg": [[0, 28, 12], [9, 42, 12], [0, 10, 0], [0, 49, 0], [0, 50, 0], [0, 26, 8]],
    "9-2_18.jpg": [[0, 50, 0], [0, 32, 1], [0, 8, 13]],
    "9-2_19.jpg": [[7, 34, 0], [0, 8, 8], [0, 24, 12]],
    "9-2_20.jpg": [[0, 40, 0], [0, 41, 0], [0, 10, 0], [0, 24, 0]],
    "9-2_21.jpg": [[0, 37, 6], [0, 38, 8], [0, 37, 1], [0, 45, 0], [0, 40, 0], [0, 34, 0]],
    "9-2_22.jpg": [[0, 38, 0], [0, 8, 8], [0, 24, 12], [0, 32, 1], [0, 24, 8]],
    "9-2_23.jpg": [[0, 8, 0], [0, 35, 4], [0, 32, 6], [0, 26, 8]],
    "9-2_24.jpg": [[0, 24, 13], [0, 26, 8], [7, 25, 0]],
    "9-2_25.jpg": [[0, 8, 12], [0, 35, 15], [0, 32, 1]],
    "9-2_26.jpg": [[0, 8, 0], [0, 35, 4], [7, 26, 0]],
    "9-2_27.jpg": [[9, 36, 0], [0, 49, 0], [7, 30, 1], [0, 50, 0], [0, 37, 5]],
    "9-2_28.jpg": [[0, 50, 0], [6, 38, 8], [0, 39, 8], [0, 20, 3], [0, 45, 0], [0, 20, 6], [0, 8, 0], [0, 35, 4], [0, 22, 4], [0, 50, 0], [0, 34, 0], [0, 26, 8]],
    "9-2_29.jpg": [[3, 1, 0], [0, 28, 0], [0, 35, 4], [0, 45, 0], [0, 20, 1]],
    "9-2_30.jpg": [[3, 1, 0], [0, 31, 12], [0, 34, 0], [0, 45, 0], [0, 13, 1], [0, 26, 0], [0, 45, 0], [0, 20, 6], [0, 8, 0], [0, 35, 4], [0, 22, 4], [0, 50, 0], [0, 34, 0], [0, 26, 12]],
    "9-2_31.jpg": [[3, 1, 0], [0, 28, 0], [0, 35, 4], [0, 45, 0], [0, 20, 1]],
    "9-2_32.jpg": [[3, 1, 0], [0, 31, 12], [0, 34, 0], [0, 45, 0], [0, 13, 1], [0, 26, 0], [0, 45, 0], [0, 20, 6], [0, 8, 0], [0, 35, 4], [0, 22, 4], [0, 50, 0], [0, 34, 0], [0, 26, 8]],
    "9-2_33.jpg": [[0, 24, 13], [0, 26, 8], [7, 25, 0], [0, 37, 1]],
    "9-2_34.jpg": [[0, 24, 0], [0, 41, 0], [7, 37, 1], [0, 35, 4], [0, 49, 0]],
    "9-2_35.jpg": [[0, 8, 0], [0, 35, 4], [7, 26, 0]],
    "9-2_36.jpg": [[9, 36, 0], [0, 49, 0], [7, 30, 1], [0, 50, 0], [0, 37, 5], [0, 34, 0]],
    "9-2_37.jpg": [[0, 5, 3], [0, 32, 1]],
    "9-2_38.jpg": [[0, 24, 13], [0, 26, 8], [7, 25, 0], [0, 37, 1]],
    "9-2_39.jpg": [[9, 36, 0], [0, 26, 8], [0, 21, 1], [0, 26, 0], [0, 50, 0], [0, 34, 8]],
    "9-2_40.jpg": [[6, 28, 12], [0, 37, 5]],
    "9-2_41.jpg": [[0, 8, 0], [7, 37, 1], [0, 26, 8], [0, 40, 12], [9, 36, 0], [0, 50, 0], [0, 34, 0], [0, 26, 8]],
    "9-2_42.jpg": [[0, 28, 12], [9, 42, 12], [0, 10, 0], [7, 26, 0]],
    "9-2_43.jpg": [[9, 36, 0], [0, 49, 0], [7, 30, 1], [0, 50, 0], [0, 37, 5], [0, 34, 0]],
    "9-2_44.jpg": [[0, 5, 3], [0, 32, 1]],
    "9-2_45.jpg": [[0, 26, 12], [0, 40, 0], [0, 45, 0]],
    "9-2_46.jpg": [[7, 34, 0], [0, 8, 8], [0, 24, 12], [0, 34, 0]],
    "9-2_47.jpg": [[1, 7, 0], [7, 19, 1], [0, 8, 0], [0, 35, 4], [0, 26, 0]],
    "9-2_48.jpg": [[9, 36, 0], [2, 25, 8], [0, 50, 0], [2, 25, 8]],
    "9-2_49.jpg": [[0, 37, 1], [0, 45, 0], [0, 40, 8], [0, 24, 0], [0, 37, 6], [0, 8, 0], [0, 37, 1]],
    "9-2_50.jpg": [[0, 40, 0], [0, 41, 0]],
    "9-2_51.jpg": [[3, 1, 0], [0, 28, 0], [0, 8, 8], [0, 39, 0], [0, 28, 0], [0, 45, 0], [0, 24, 13]],
    "9-2_52.jpg": [[0, 50, 0], [9, 36, 0], [0, 40, 0]],
    "9-2_53.jpg": [[0, 34, 0], [0, 26, 0], [0, 32, 1], [0, 24, 0], [0, 34, 0]],
    "9-2_54.jpg": [[6, 28, 0], [7, 32, 1], [0, 9, 1]],
    "9-2_55.jpg": [[0, 50, 0], [9, 36, 0], [0, 40, 0]],
    "9-2_56.jpg": [[0, 35, 4], [0, 49, 0], [2, 27, 13]],
    "9-2_57.jpg": [[0, 28, 0], [0, 49, 0], [0, 37, 1], [4, 24, 0], [0, 50, 0], [0, 22, 17], [0, 34, 0]],
    "9-2_58.jpg": [[0, 26, 0], [7, 21, 1]],
    "9-2_59.jpg": [[0, 8, 0], [0, 19, 1], [7, 34, 0], [4, 24, 0]],
    "9-2_60.jpg": [[0, 28, 0], [0, 37, 1], [0, 24, 8], [0, 37, 1], [0, 45, 0], [0, 50, 0], [0, 10, 0], [0, 26, 0]],
    "9-2_61.jpg": [[0, 34, 0], [0, 51, 0], [0, 32, 1], [0, 19, 1]],
    "9-2_62.jpg": [[3, 1, 0], [2, 25, 0], [0, 45, 0], [9, 42, 0]],
    "9-2_63.jpg": [[3, 1, 0], [0, 49, 0], [0, 24, 0], [0, 49, 0], [0, 32, 5]],
    "9-2_64.jpg": [[0, 8, 0], [0, 45, 0], [0, 35, 4], [0, 22, 4], [0, 45, 0]],
    "9-2_65.jpg": [[0, 40, 0], [0, 32, 5], [0, 30, 1], [0, 26, 8], [0, 20, 1], [0, 50, 0], [0, 34, 0], [0, 26, 8]],
    "9-2_66.jpg": [[0, 5, 3], [0, 8, 13]],
    "9-2_67.jpg": [[0, 11, 0], [0, 45, 0], [0, 24, 0], [0, 26, 0]],
    "9-2_68.jpg": [[0, 50, 0], [0, 13, 1], [0, 45, 8], [2, 25, 0], [0, 26, 0], [0, 45, 0], [0, 37, 1], [0, 26, 8], [0, 50, 0], [0, 10, 8]],
    "9-2_69.jpg": [[0, 37, 1], [0, 35, 4], [2, 25, 0], [0, 8, 0], [0, 45, 0], [0, 35, 14], [0, 24, 8], [0, 37, 1], [0, 34, 0], [0, 19, 1]],
    "9-2_70.jpg": [[3, 1, 0], [2, 25, 0], [0, 45, 0], [9, 42, 0], [0, 37, 1]],
    "9-2_71.jpg": [[6, 28, 0], [0, 38, 8], [0, 26, 0]],
    "9-2_72.jpg": [[0, 10, 0], [0, 49, 0], [0, 26, 0]],
    "9-2_73.jpg": [[0, 26, 0], [0, 49, 0], [0, 10, 12], [0, 22, 14]]
}